-- MySQL dump 10.13  Distrib 8.3.0, for macos14 (x86_64)
--
-- Host: IES-ADS-ClassDB.sjsu.edu    Database: querycrew_db
-- ------------------------------------------------------
-- Server version	9.2.0

/*!40101 SET @OLD_CHARACTER_SET_CLIENT=@@CHARACTER_SET_CLIENT */;
/*!40101 SET @OLD_CHARACTER_SET_RESULTS=@@CHARACTER_SET_RESULTS */;
/*!40101 SET @OLD_COLLATION_CONNECTION=@@COLLATION_CONNECTION */;
/*!50503 SET NAMES utf8mb4 */;
/*!40103 SET @OLD_TIME_ZONE=@@TIME_ZONE */;
/*!40103 SET TIME_ZONE='+00:00' */;
/*!40014 SET @OLD_UNIQUE_CHECKS=@@UNIQUE_CHECKS, UNIQUE_CHECKS=0 */;
/*!40014 SET @OLD_FOREIGN_KEY_CHECKS=@@FOREIGN_KEY_CHECKS, FOREIGN_KEY_CHECKS=0 */;
/*!40101 SET @OLD_SQL_MODE=@@SQL_MODE, SQL_MODE='NO_AUTO_VALUE_ON_ZERO' */;
/*!40111 SET @OLD_SQL_NOTES=@@SQL_NOTES, SQL_NOTES=0 */;

--
-- Table structure for table `class`
--

DROP TABLE IF EXISTS `class`;
/*!40101 SET @saved_cs_client     = @@character_set_client */;
/*!50503 SET character_set_client = utf8mb4 */;
CREATE TABLE `class` (
  `code` varchar(8) NOT NULL,
  `subject` varchar(32) NOT NULL,
  `room` int NOT NULL,
  `teacher_id` varchar(5) NOT NULL,
  PRIMARY KEY (`code`),
  KEY `teacher_id` (`teacher_id`),
  CONSTRAINT `class_ibfk_1` FOREIGN KEY (`teacher_id`) REFERENCES `teacher` (`id`)
) ENGINE=InnoDB DEFAULT CHARSET=utf8mb4 COLLATE=utf8mb4_0900_ai_ci;
/*!40101 SET character_set_client = @saved_cs_client */;

--
-- Dumping data for table `class`
--

LOCK TABLES `class` WRITE;
/*!40000 ALTER TABLE `class` DISABLE KEYS */;
INSERT INTO `class` VALUES ('DATA 200','Python Programming',101,'T7051'),('DATA 201','Database Technologies',101,'T7003'),('DATA 220','Mathematical Models',114,'T7008'),('DATA 240','Data Mining',120,'T7012'),('DATA 245','Machine Learning',115,'T7051');
/*!40000 ALTER TABLE `class` ENABLE KEYS */;
UNLOCK TABLES;

--
-- Table structure for table `contact`
--

DROP TABLE IF EXISTS `contact`;
/*!40101 SET @saved_cs_client     = @@character_set_client */;
/*!50503 SET character_set_client = utf8mb4 */;
CREATE TABLE `contact` (
  `id` varchar(3) NOT NULL,
  `email` varchar(32) NOT NULL,
  PRIMARY KEY (`id`)
) ENGINE=InnoDB DEFAULT CHARSET=utf8mb4 COLLATE=utf8mb4_0900_ai_ci;
/*!40101 SET character_set_client = @saved_cs_client */;

--
-- Dumping data for table `contact`
--

LOCK TABLES `contact` WRITE;
/*!40000 ALTER TABLE `contact` DISABLE KEYS */;
INSERT INTO `contact` VALUES ('C01','mary.jane@state.edu'),('C02','kim.smith@state.edu'),('C03','john.doe@state.edu'),('C04','tim.novak@state.edu'),('C05','leslie.klein@state.edu'),('C06','pat.rogers@state.edu'),('C07','sidneythompson@state.edu'),('C08','john.lane@state.edu'),('C09','mabel.flynn@state.edu');
/*!40000 ALTER TABLE `contact` ENABLE KEYS */;
UNLOCK TABLES;

--
-- Table structure for table `counties`
--

DROP TABLE IF EXISTS `counties`;
/*!40101 SET @saved_cs_client     = @@character_set_client */;
/*!50503 SET character_set_client = utf8mb4 */;
CREATE TABLE `counties` (
  `county_id` int NOT NULL AUTO_INCREMENT,
  `county_name` varchar(100) NOT NULL,
  PRIMARY KEY (`county_id`),
  UNIQUE KEY `county_name` (`county_name`)
) ENGINE=InnoDB AUTO_INCREMENT=101 DEFAULT CHARSET=utf8mb4 COLLATE=utf8mb4_0900_ai_ci;
/*!40101 SET character_set_client = @saved_cs_client */;

--
-- Dumping data for table `counties`
--

LOCK TABLES `counties` WRITE;
/*!40000 ALTER TABLE `counties` DISABLE KEYS */;
/*!40000 ALTER TABLE `counties` ENABLE KEYS */;
UNLOCK TABLES;

--
-- Table structure for table `location`
--

DROP TABLE IF EXISTS `location`;
/*!40101 SET @saved_cs_client     = @@character_set_client */;
/*!50503 SET character_set_client = utf8mb4 */;
CREATE TABLE `location` (
  `dol_id` int NOT NULL,
  `vin` varchar(20) DEFAULT NULL,
  `county` varchar(32) DEFAULT NULL,
  `city` varchar(32) DEFAULT NULL,
  `state` varchar(32) DEFAULT NULL,
  `zip_code` int DEFAULT NULL,
  PRIMARY KEY (`dol_id`),
  KEY `vin` (`vin`),
  CONSTRAINT `location_ibfk_1` FOREIGN KEY (`vin`) REFERENCES `vehicle` (`vin`)
) ENGINE=InnoDB DEFAULT CHARSET=utf8mb4 COLLATE=utf8mb4_0900_ai_ci;
/*!40101 SET character_set_client = @saved_cs_client */;

--
-- Dumping data for table `location`
--

LOCK TABLES `location` WRITE;
/*!40000 ALTER TABLE `location` DISABLE KEYS */;
INSERT INTO `location` VALUES (3273763,'5YJSA1E21J','King','Sammamish','WA',98074),(3572089,'WBY1Z4C58F','Kitsap','Seabeck','WA',98380),(4735426,'1G1FX6S08K','Snohomish','Lake Stevens','WA',98258),(5470846,'5YJXCDE25H','King','Sammamish','WA',98075),(6097171,'5YJXCBE29G','King','Sammamish','WA',98074),(8874211,'KMHC65LD9L','Kitsap','Bremerton','WA',98312),(105033995,'1N4AZ1CPXL','Kitsap','Suquamish','WA',98392),(110038288,'5YJ3E1EA5K','Snohomish','Lynnwood','WA',98087),(111162012,'5YJSA1DP8D','Snohomish','Stanwood','WA',98292),(111690687,'JN1AZ0CP7C','Snohomish','Snohomish','WA',98290),(112744838,'5YJ3E1EB2L','Kitsap','Port Orchard','WA',98367),(118167990,'5YJSA1S23F','Snohomish','Edmonds','WA',98020),(122291851,'1N4AZ1BP3L','Kitsap','Poulsbo','WA',98370),(124633715,'5YJYGDEE8L','Thurston','Tumwater','WA',98501),(126152974,'5YJ3E1EB0L','Snohomish','Bothell','WA',98012),(127281031,'5YJ3E1EA4L','Snohomish','Lake Stevens','WA',98258),(135000148,'KNDJP3AE2G','Thurston','Olympia','WA',98501),(141889702,'5YJXCBE45H','King','Kent','WA',98031),(142025740,'5YJXCDE46K','Kitsap','Poulsbo','WA',98370),(150112007,'5YJ3E1EC2M','Snohomish','Bothell','WA',98021),(151200255,'1G1FZ6S06L','Yakima','Yakima','WA',98902),(152095912,'5YJYGDEE0M','Snohomish','Bothell','WA',98021),(161449207,'5YJSA1E29H','King','Issaquah','WA',98027),(164145264,'JN1AZ0CP5B','King','Sammamish','WA',98075),(167243303,'1C4JJXP64M','Kitsap','Bremerton','WA',98312),(168586911,'1N4BZ1CP4K','King','Seattle','WA',98144),(172153082,'5YJXCBE27L','King','Seattle','WA',98122),(172479968,'1G1FW6S03H','Thurston','Olympia','WA',98502),(181532130,'JN1AZ0CP8C','Kitsap','Bainbridge Island','WA',98110),(183220649,'WBY1Z2C52F','Kitsap','Bremerton','WA',98312),(187859941,'5YJSA1E49H','Kitsap','Bainbridge Island','WA',98110),(194152171,'JTDKARFP8J','Kitsap','Silverdale','WA',98383),(194200681,'KNDCC3LD7N','Snohomish','Bothell','WA',98012),(202886050,'1G1FY6S01N','Yakima','Yakima','WA',98902),(204708647,'YV4H60DL9N','Thurston','Olympia','WA',98501),(206534037,'5YJSA1H18E','Kitsap','Poulsbo','WA',98370),(212217764,'KM8S6DA23N','Kitsap','Poulsbo','WA',98370),(216621401,'7FCTGAAA0N','Thurston','Yelm','WA',98597),(218062309,'1N4CZ1CV0P','Kitsap','Bremerton','WA',98312),(219734462,'WBA8E1C59J','Kitsap','Poulsbo','WA',98370),(220757421,'7SAYGDEE3N','Snohomish','Bothell','WA',98012),(225816587,'5YJSA1E26K','Snohomish','Brier','WA',98036),(226329071,'5YJSA1E12G','Island','Freeland','WA',98249),(238284105,'1FT6W1EV6P','Snohomish','Marysville','WA',98270),(240681703,'1C4JJXP65P','Thurston','Olympia','WA',98502),(244780189,'7SAYGDEF0P','Yakima','Toppenish','WA',98948),(244932159,'5UXTA6C04M','King','Seattle','WA',98119),(246351927,'1N4AZ0CP5D','Thurston','Olympia','WA',98502),(247511316,'1N4AZ0CP4E','Snohomish','Edmonds','WA',98026),(248653954,'5YJ3E1EA5J','King','Kent','WA',98032),(253590858,'7PDSGABA2P','Snohomish','Bothell','WA',98012),(256013026,'3MW39FF06R','Snohomish','Everett','WA',98204),(256957333,'1C4JJXR61P','Kitsap','Poulsbo','WA',98370),(257719346,'1C4RJXN60R','Kitsap','Port Orchard','WA',98366),(257863637,'JTJAAAAB4P','Kitsap','Olalla','WA',98359),(258112970,'5YJSA1V24F','Yakima','Selah','WA',98942),(258148719,'5YJ3E1EC0L','King','Redmond','WA',98052),(258988187,'KNDCE3LG6L','Thurston','Olympia','WA',98501),(259524877,'WA1AAAGE1N','Yakima','Yakima','WA',98902),(260544014,'KNDC4DLC9N','Kitsap','Poulsbo','WA',98370),(261320776,'5YJ3E1EB0J','Snohomish','Everett','WA',98204),(261450409,'KNDCR3L17P','Stevens','Chewelah','WA',99109),(262654192,'5YJYGDEE2M','Snohomish','Bothell','WA',98012),(264273663,'5YJ3E1EB9J','Kitsap','Bremerton','WA',98312),(265137365,'7SAYGDEE9R','Yakima','Yakima','WA',98903),(269349048,'KNDC3DLC6R','Kitsap','Poulsbo','WA',98370),(269483644,'JTJCJMGA1R','Thurston','Olympia','WA',98502),(269489167,'5YJ3E1EB3J','King','Bothell','WA',98011),(270047242,'JM3KKDHA7R','Kitsap','Poulsbo','WA',98370),(270117417,'7PDSGBBA9S','Yakima','Yakima','WA',98908),(272139472,'5YJ3E1EA8R','Snohomish','Bothell','WA',98012),(272262812,'1G1FX6S07J','Yakima','Yakima','WA',98901),(272402469,'WB523CF08R','Yakima','Selah','WA',98942),(272697666,'WBY1Z2C58F','King','Seattle','WA',98116),(273089988,'WA1F2AFY4R','Thurston','Olympia','WA',98501),(275146042,'KNDCS3LF8R','Kitsap','Kingston','WA',98346),(275383685,'LPSED3KA3M','Island','Oak Harbor','WA',98277),(275506031,'5UX43EU06R','King','Seattle','WA',98102),(275694401,'JM3KKCHAXS','Thurston','Olympia','WA',98502),(301647265,'5YJSA1E22K','Kitsap','Poulsbo','WA',98370),(305712949,'1N4BZ1CP3K','Kitsap','Bainbridge Island','WA',98110),(321718624,'5YJ3E1EA8K','Kitsap','Bremerton','WA',98310),(330872573,'1N4AZ1CP7K','King','Seattle','WA',98102),(349687754,'5YJ3E1EA2J','Thurston','Olympia','WA',98502),(474468501,'3C3CFFGE5F','Thurston','Yelm','WA',98597),(474502500,'5YJ3E1EB6J','King','Seattle','WA',98116),(475113859,'WBAJB1C58K','Thurston','Lacey','WA',98503),(475437938,'1G1FZ6S05K','Kitsap','Poulsbo','WA',98370),(476060392,'2C4RC1L7XJ','Kitsap','Poulsbo','WA',98392),(476329178,'5YJSA1E24G','King','Kenmore','WA',98028),(476821908,'1N4BZ0CP8H','Snohomish','Lynnwood','WA',98087),(477309682,'5YJ3E1EBXK','King','Seattle','WA',98178),(478472879,'5YJ3E1EA7K','Snohomish','Bothell','WA',98021),(478549984,'YV4BR00K8L','Snohomish','Bothell','WA',98012),(478609771,'5YJ3E1EB5K','King','Redmond','WA',98052);
/*!40000 ALTER TABLE `location` ENABLE KEYS */;
UNLOCK TABLES;

--
-- Table structure for table `make_counties`
--

DROP TABLE IF EXISTS `make_counties`;
/*!40101 SET @saved_cs_client     = @@character_set_client */;
/*!50503 SET character_set_client = utf8mb4 */;
CREATE TABLE `make_counties` (
  `make_id` int NOT NULL,
  `county_id` int NOT NULL,
  PRIMARY KEY (`make_id`,`county_id`),
  KEY `county_id` (`county_id`),
  CONSTRAINT `make_counties_ibfk_1` FOREIGN KEY (`make_id`) REFERENCES `makes` (`make_id`) ON DELETE CASCADE,
  CONSTRAINT `make_counties_ibfk_2` FOREIGN KEY (`county_id`) REFERENCES `counties` (`county_id`) ON DELETE CASCADE
) ENGINE=InnoDB DEFAULT CHARSET=utf8mb4 COLLATE=utf8mb4_0900_ai_ci;
/*!40101 SET character_set_client = @saved_cs_client */;

--
-- Dumping data for table `make_counties`
--

LOCK TABLES `make_counties` WRITE;
/*!40000 ALTER TABLE `make_counties` DISABLE KEYS */;
/*!40000 ALTER TABLE `make_counties` ENABLE KEYS */;
UNLOCK TABLES;

--
-- Table structure for table `make_model_type`
--

DROP TABLE IF EXISTS `make_model_type`;
/*!40101 SET @saved_cs_client     = @@character_set_client */;
/*!50503 SET character_set_client = utf8mb4 */;
CREATE TABLE `make_model_type` (
  `make` varchar(32) DEFAULT NULL,
  `model` varchar(32) DEFAULT NULL,
  `type` varchar(64) DEFAULT NULL
) ENGINE=InnoDB DEFAULT CHARSET=utf8mb4 COLLATE=utf8mb4_0900_ai_ci;
/*!40101 SET character_set_client = @saved_cs_client */;

--
-- Dumping data for table `make_model_type`
--

LOCK TABLES `make_model_type` WRITE;
/*!40000 ALTER TABLE `make_model_type` DISABLE KEYS */;
/*!40000 ALTER TABLE `make_model_type` ENABLE KEYS */;
UNLOCK TABLES;

--
-- Table structure for table `makes`
--

DROP TABLE IF EXISTS `makes`;
/*!40101 SET @saved_cs_client     = @@character_set_client */;
/*!50503 SET character_set_client = utf8mb4 */;
CREATE TABLE `makes` (
  `make_id` int NOT NULL AUTO_INCREMENT,
  `make_name` varchar(50) NOT NULL,
  PRIMARY KEY (`make_id`),
  UNIQUE KEY `make_name` (`make_name`)
) ENGINE=InnoDB AUTO_INCREMENT=47 DEFAULT CHARSET=utf8mb4 COLLATE=utf8mb4_0900_ai_ci;
/*!40101 SET character_set_client = @saved_cs_client */;

--
-- Dumping data for table `makes`
--

LOCK TABLES `makes` WRITE;
/*!40000 ALTER TABLE `makes` DISABLE KEYS */;
/*!40000 ALTER TABLE `makes` ENABLE KEYS */;
UNLOCK TABLES;

--
-- Table structure for table `model_utilities`
--

DROP TABLE IF EXISTS `model_utilities`;
/*!40101 SET @saved_cs_client     = @@character_set_client */;
/*!50503 SET character_set_client = utf8mb4 */;
CREATE TABLE `model_utilities` (
  `model_id` int NOT NULL,
  `utility_id` int NOT NULL,
  PRIMARY KEY (`model_id`,`utility_id`),
  KEY `utility_id` (`utility_id`),
  CONSTRAINT `model_utilities_ibfk_1` FOREIGN KEY (`model_id`) REFERENCES `vehicle_models` (`model_id`),
  CONSTRAINT `model_utilities_ibfk_2` FOREIGN KEY (`utility_id`) REFERENCES `utilities` (`utility_id`)
) ENGINE=InnoDB DEFAULT CHARSET=utf8mb4 COLLATE=utf8mb4_0900_ai_ci;
/*!40101 SET character_set_client = @saved_cs_client */;

--
-- Dumping data for table `model_utilities`
--

LOCK TABLES `model_utilities` WRITE;
/*!40000 ALTER TABLE `model_utilities` DISABLE KEYS */;
/*!40000 ALTER TABLE `model_utilities` ENABLE KEYS */;
UNLOCK TABLES;

--
-- Table structure for table `stations`
--

DROP TABLE IF EXISTS `stations`;
/*!40101 SET @saved_cs_client     = @@character_set_client */;
/*!50503 SET character_set_client = utf8mb4 */;
CREATE TABLE `stations` (
  `station_id` int NOT NULL AUTO_INCREMENT,
  `station_name` varchar(100) NOT NULL,
  `location` varchar(255) DEFAULT NULL,
  PRIMARY KEY (`station_id`)
) ENGINE=InnoDB DEFAULT CHARSET=utf8mb4 COLLATE=utf8mb4_0900_ai_ci;
/*!40101 SET character_set_client = @saved_cs_client */;

--
-- Dumping data for table `stations`
--

LOCK TABLES `stations` WRITE;
/*!40000 ALTER TABLE `stations` DISABLE KEYS */;
/*!40000 ALTER TABLE `stations` ENABLE KEYS */;
UNLOCK TABLES;

--
-- Table structure for table `student`
--

DROP TABLE IF EXISTS `student`;
/*!40101 SET @saved_cs_client     = @@character_set_client */;
/*!50503 SET character_set_client = utf8mb4 */;
CREATE TABLE `student` (
  `id` varchar(5) NOT NULL,
  `last` varchar(32) NOT NULL,
  `first` varchar(32) NOT NULL,
  `contact_id` varchar(5) NOT NULL,
  PRIMARY KEY (`id`),
  KEY `contact_id` (`contact_id`),
  CONSTRAINT `student_ibfk_1` FOREIGN KEY (`contact_id`) REFERENCES `contact` (`id`)
) ENGINE=InnoDB DEFAULT CHARSET=utf8mb4 COLLATE=utf8mb4_0900_ai_ci;
/*!40101 SET character_set_client = @saved_cs_client */;

--
-- Dumping data for table `student`
--

LOCK TABLES `student` WRITE;
/*!40000 ALTER TABLE `student` DISABLE KEYS */;
INSERT INTO `student` VALUES ('S1001','Doe','John','C03'),('S1005','Novak','Tim','C04'),('S1009','Klein','Leslie','C05'),('S1014','Jane','Mary','C01'),('S1021','Smith','Kim','C02');
/*!40000 ALTER TABLE `student` ENABLE KEYS */;
UNLOCK TABLES;

--
-- Table structure for table `takes`
--

DROP TABLE IF EXISTS `takes`;
/*!40101 SET @saved_cs_client     = @@character_set_client */;
/*!50503 SET character_set_client = utf8mb4 */;
CREATE TABLE `takes` (
  `student_id` varchar(5) NOT NULL,
  `class_code` varchar(8) NOT NULL,
  PRIMARY KEY (`student_id`,`class_code`),
  KEY `class_code` (`class_code`),
  CONSTRAINT `takes_ibfk_1` FOREIGN KEY (`student_id`) REFERENCES `student` (`id`),
  CONSTRAINT `takes_ibfk_2` FOREIGN KEY (`class_code`) REFERENCES `class` (`code`)
) ENGINE=InnoDB DEFAULT CHARSET=utf8mb4 COLLATE=utf8mb4_0900_ai_ci;
/*!40101 SET character_set_client = @saved_cs_client */;

--
-- Dumping data for table `takes`
--

LOCK TABLES `takes` WRITE;
/*!40000 ALTER TABLE `takes` DISABLE KEYS */;
INSERT INTO `takes` VALUES ('S1005','DATA 200'),('S1014','DATA 200'),('S1021','DATA 200'),('S1001','DATA 201'),('S1005','DATA 201'),('S1021','DATA 201'),('S1001','DATA 220'),('S1005','DATA 220'),('S1001','DATA 240'),('S1021','DATA 240'),('S1005','DATA 245'),('S1014','DATA 245');
/*!40000 ALTER TABLE `takes` ENABLE KEYS */;
UNLOCK TABLES;

--
-- Table structure for table `teacher`
--

DROP TABLE IF EXISTS `teacher`;
/*!40101 SET @saved_cs_client     = @@character_set_client */;
/*!50503 SET character_set_client = utf8mb4 */;
CREATE TABLE `teacher` (
  `id` varchar(5) NOT NULL,
  `last` varchar(32) NOT NULL,
  `first` varchar(32) NOT NULL,
  `contact_id` varchar(5) NOT NULL,
  PRIMARY KEY (`id`),
  KEY `contact_id` (`contact_id`),
  CONSTRAINT `teacher_ibfk_1` FOREIGN KEY (`contact_id`) REFERENCES `contact` (`id`)
) ENGINE=InnoDB DEFAULT CHARSET=utf8mb4 COLLATE=utf8mb4_0900_ai_ci;
/*!40101 SET character_set_client = @saved_cs_client */;

--
-- Dumping data for table `teacher`
--

LOCK TABLES `teacher` WRITE;
/*!40000 ALTER TABLE `teacher` DISABLE KEYS */;
INSERT INTO `teacher` VALUES ('T7003','Rogers','Pat','C06'),('T7008','Thompson','Sidney','C07'),('T7012','Lane','John','C08'),('T7051','Flynn','Mabel','C09');
/*!40000 ALTER TABLE `teacher` ENABLE KEYS */;
UNLOCK TABLES;

--
-- Table structure for table `utilities`
--

DROP TABLE IF EXISTS `utilities`;
/*!40101 SET @saved_cs_client     = @@character_set_client */;
/*!50503 SET character_set_client = utf8mb4 */;
CREATE TABLE `utilities` (
  `utility_id` int NOT NULL AUTO_INCREMENT,
  `utility_name` varchar(255) NOT NULL,
  PRIMARY KEY (`utility_id`),
  UNIQUE KEY `utility_name` (`utility_name`)
) ENGINE=InnoDB AUTO_INCREMENT=6 DEFAULT CHARSET=utf8mb4 COLLATE=utf8mb4_0900_ai_ci;
/*!40101 SET character_set_client = @saved_cs_client */;

--
-- Dumping data for table `utilities`
--

LOCK TABLES `utilities` WRITE;
/*!40000 ALTER TABLE `utilities` DISABLE KEYS */;
INSERT INTO `utilities` VALUES (5,'CITY OF CHEWELAH'),(2,'CITY OF SEATTLE - (WA)|CITY OF TACOMA - (WA)'),(3,'PACIFICORP'),(1,'PUGET SOUND ENERGY INC'),(4,'PUGET SOUND ENERGY INC||CITY OF TACOMA - (WA)');
/*!40000 ALTER TABLE `utilities` ENABLE KEYS */;
UNLOCK TABLES;

--
-- Table structure for table `vehicle`
--

DROP TABLE IF EXISTS `vehicle`;
/*!40101 SET @saved_cs_client     = @@character_set_client */;
/*!50503 SET character_set_client = utf8mb4 */;
CREATE TABLE `vehicle` (
  `vin` varchar(32) NOT NULL,
  `make` varchar(32) DEFAULT NULL,
  `model` varchar(32) DEFAULT NULL,
  `model_year` int DEFAULT NULL,
  PRIMARY KEY (`vin`)
) ENGINE=InnoDB DEFAULT CHARSET=utf8mb4 COLLATE=utf8mb4_0900_ai_ci;
/*!40101 SET character_set_client = @saved_cs_client */;

--
-- Dumping data for table `vehicle`
--

LOCK TABLES `vehicle` WRITE;
/*!40000 ALTER TABLE `vehicle` DISABLE KEYS */;
INSERT INTO `vehicle` VALUES ('1C4JJXP64M','JEEP','WRANGLER',2021),('1C4JJXP65P','JEEP','WRANGLER',2023),('1C4JJXR61P','JEEP','WRANGLER',2023),('1C4RJXN60R','JEEP','WRANGLER',2024),('1FT6W1EV6P','FORD','F-150',2023),('1G1FW6S03H','CHEVROLET','BOLT EV',2017),('1G1FX6S07J','CHEVROLET','BOLT EV',2018),('1G1FX6S08K','CHEVROLET','BOLT EV',2019),('1G1FY6S01N','CHEVROLET','BOLT EUV',2022),('1G1FZ6S05K','CHEVROLET','BOLT EV',2019),('1G1FZ6S06L','CHEVROLET','BOLT EV',2020),('1N4AZ0CP4E','NISSAN','LEAF',2014),('1N4AZ0CP5D','NISSAN','LEAF',2013),('1N4AZ1BP3L','NISSAN','LEAF',2020),('1N4AZ1CP7K','NISSAN','LEAF',2019),('1N4AZ1CPXL','NISSAN','LEAF',2020),('1N4BZ0CP8H','NISSAN','LEAF',2017),('1N4BZ1CP3K','NISSAN','LEAF',2019),('1N4BZ1CP4K','NISSAN','LEAF',2019),('1N4CZ1CV0P','NISSAN','LEAF',2023),('2C4RC1L7XJ','CHRYSLER','PACIFICA',2018),('3C3CFFGE5F','FIAT','500',2015),('3MW39FF06R','BMW','330E',2024),('5UX43EU06R','BMW','X5',2024),('5UXTA6C04M','BMW','X5',2021),('5YJ3E1EA2J','TESLA','MODEL 3',2018),('5YJ3E1EA4L','TESLA','MODEL 3',2020),('5YJ3E1EA5J','TESLA','MODEL 3',2018),('5YJ3E1EA5K','TESLA','MODEL 3',2019),('5YJ3E1EA7K','TESLA','MODEL 3',2019),('5YJ3E1EA8K','TESLA','MODEL 3',2019),('5YJ3E1EA8R','TESLA','MODEL 3',2024),('5YJ3E1EB0J','TESLA','MODEL 3',2018),('5YJ3E1EB0L','TESLA','MODEL 3',2020),('5YJ3E1EB2L','TESLA','MODEL 3',2020),('5YJ3E1EB3J','TESLA','MODEL 3',2018),('5YJ3E1EB5K','TESLA','MODEL 3',2019),('5YJ3E1EB6J','TESLA','MODEL 3',2018),('5YJ3E1EB9J','TESLA','MODEL 3',2018),('5YJ3E1EBXK','TESLA','MODEL 3',2019),('5YJ3E1EC0L','TESLA','MODEL 3',2020),('5YJ3E1EC2M','TESLA','MODEL 3',2021),('5YJSA1DP8D','TESLA','MODEL S',2013),('5YJSA1E12G','TESLA','MODEL S',2016),('5YJSA1E21J','TESLA','MODEL S',2018),('5YJSA1E22K','TESLA','MODEL S',2019),('5YJSA1E24G','TESLA','MODEL S',2016),('5YJSA1E26K','TESLA','MODEL S',2019),('5YJSA1E29H','TESLA','MODEL S',2017),('5YJSA1E49H','TESLA','MODEL S',2017),('5YJSA1H18E','TESLA','MODEL S',2014),('5YJSA1S23F','TESLA','MODEL S',2015),('5YJSA1V24F','TESLA','MODEL S',2015),('5YJXCBE27L','TESLA','MODEL X',2020),('5YJXCBE29G','TESLA','MODEL X',2016),('5YJXCBE45H','TESLA','MODEL X',2017),('5YJXCDE25H','TESLA','MODEL X',2017),('5YJXCDE46K','TESLA','MODEL X',2019),('5YJYGDEE0M','TESLA','MODEL Y',2021),('5YJYGDEE2M','TESLA','MODEL Y',2021),('5YJYGDEE8L','TESLA','MODEL Y',2020),('7FCTGAAA0N','RIVIAN','R1T',2022),('7PDSGABA2P','RIVIAN','R1S',2023),('7PDSGBBA9S','RIVIAN','R1S',2025),('7SAYGDEE3N','TESLA','MODEL Y',2022),('7SAYGDEE9R','TESLA','MODEL Y',2024),('7SAYGDEF0P','TESLA','MODEL Y',2023),('JM3KKCHAXS','MAZDA','CX-90',2025),('JM3KKDHA7R','MAZDA','CX-90',2024),('JN1AZ0CP5B','NISSAN','LEAF',2011),('JN1AZ0CP7C','NISSAN','LEAF',2012),('JN1AZ0CP8C','NISSAN','LEAF',2012),('JTDKARFP8J','TOYOTA','PRIUS PRIME',2018),('JTJAAAAB4P','LEXUS','RZ',2023),('JTJCJMGA1R','LEXUS','RX',2024),('KM8S6DA23N','HYUNDAI','SANTA FE',2022),('KMHC65LD9L','HYUNDAI','IONIQ',2020),('KNDC3DLC6R','KIA','EV6',2024),('KNDC4DLC9N','KIA','EV6',2022),('KNDCC3LD7N','KIA','NIRO',2022),('KNDCE3LG6L','KIA','NIRO',2020),('KNDCR3L17P','KIA','NIRO',2023),('KNDCS3LF8R','KIA','NIRO',2024),('KNDJP3AE2G','KIA','SOUL',2016),('LPSED3KA3M','POLESTAR','PS2',2021),('WA1AAAGE1N','AUDI','E-TRON',2022),('WA1F2AFY4R','AUDI','Q5 E',2024),('WB523CF08R','BMW','IX',2024),('WBA8E1C59J','BMW','330E',2018),('WBAJB1C58K','BMW','530E',2019),('WBY1Z2C52F','BMW','I3',2015),('WBY1Z2C58F','BMW','I3',2015),('WBY1Z4C58F','BMW','I3',2015),('YV4BR00K8L','VOLVO','XC90',2020),('YV4H60DL9N','VOLVO','XC60',2022);
/*!40000 ALTER TABLE `vehicle` ENABLE KEYS */;
UNLOCK TABLES;

--
-- Table structure for table `vehicle_models`
--

DROP TABLE IF EXISTS `vehicle_models`;
/*!40101 SET @saved_cs_client     = @@character_set_client */;
/*!50503 SET character_set_client = utf8mb4 */;
CREATE TABLE `vehicle_models` (
  `model_id` int NOT NULL AUTO_INCREMENT,
  `make` varchar(50) DEFAULT NULL,
  `model` varchar(50) DEFAULT NULL,
  PRIMARY KEY (`model_id`),
  UNIQUE KEY `make` (`make`,`model`)
) ENGINE=InnoDB DEFAULT CHARSET=utf8mb4 COLLATE=utf8mb4_0900_ai_ci;
/*!40101 SET character_set_client = @saved_cs_client */;

--
-- Dumping data for table `vehicle_models`
--

LOCK TABLES `vehicle_models` WRITE;
/*!40000 ALTER TABLE `vehicle_models` DISABLE KEYS */;
/*!40000 ALTER TABLE `vehicle_models` ENABLE KEYS */;
UNLOCK TABLES;

--
-- Table structure for table `vehicle_stations`
--

DROP TABLE IF EXISTS `vehicle_stations`;
/*!40101 SET @saved_cs_client     = @@character_set_client */;
/*!50503 SET character_set_client = utf8mb4 */;
CREATE TABLE `vehicle_stations` (
  `vehicle_id` int NOT NULL,
  `station_id` int NOT NULL,
  PRIMARY KEY (`vehicle_id`,`station_id`),
  KEY `station_id` (`station_id`),
  CONSTRAINT `vehicle_stations_ibfk_1` FOREIGN KEY (`vehicle_id`) REFERENCES `vehicles` (`vehicle_id`),
  CONSTRAINT `vehicle_stations_ibfk_2` FOREIGN KEY (`station_id`) REFERENCES `stations` (`station_id`)
) ENGINE=InnoDB DEFAULT CHARSET=utf8mb4 COLLATE=utf8mb4_0900_ai_ci;
/*!40101 SET character_set_client = @saved_cs_client */;

--
-- Dumping data for table `vehicle_stations`
--

LOCK TABLES `vehicle_stations` WRITE;
/*!40000 ALTER TABLE `vehicle_stations` DISABLE KEYS */;
/*!40000 ALTER TABLE `vehicle_stations` ENABLE KEYS */;
UNLOCK TABLES;

--
-- Table structure for table `vehicles`
--

DROP TABLE IF EXISTS `vehicles`;
/*!40101 SET @saved_cs_client     = @@character_set_client */;
/*!50503 SET character_set_client = utf8mb4 */;
CREATE TABLE `vehicles` (
  `vehicle_id` int NOT NULL AUTO_INCREMENT,
  `vin` varchar(50) NOT NULL,
  `make` varchar(50) DEFAULT NULL,
  `model` varchar(50) DEFAULT NULL,
  `year` int DEFAULT NULL,
  PRIMARY KEY (`vehicle_id`),
  UNIQUE KEY `vin` (`vin`)
) ENGINE=InnoDB AUTO_INCREMENT=2600 DEFAULT CHARSET=utf8mb4 COLLATE=utf8mb4_0900_ai_ci;
/*!40101 SET character_set_client = @saved_cs_client */;

--
-- Dumping data for table `vehicles`
--

LOCK TABLES `vehicles` WRITE;
/*!40000 ALTER TABLE `vehicles` DISABLE KEYS */;
INSERT INTO `vehicles` VALUES (1,'1C4JJXP66P','JEEP','WRANGLER',2023),(2,'1G1FX6S08K','CHEVROLET','BOLT EV',2019),(3,'WBY1Z2C58F','BMW','I3',2015),(4,'5YJ3E1EBXK','TESLA','MODEL 3',2019),(5,'5YJSA1V24F','TESLA','MODEL S',2015),(6,'1C4JJXP64M','JEEP','WRANGLER',2021),(7,'WBAJB1C58K','BMW','530E',2019),(8,'5YJXCBE45H','TESLA','MODEL X',2017),(9,'1G1FZ6S06L','CHEVROLET','BOLT EV',2020),(10,'5YJ3E1EA5K','TESLA','MODEL 3',2019),(11,'1N4BZ0CP8H','NISSAN','LEAF',2017),(12,'JTJAAAAB4P','LEXUS','RZ',2023),(13,'KNDC3DLC6R','KIA','EV6',2024),(14,'1N4AZ1CPXL','NISSAN','LEAF',2020),(15,'1N4BZ1CP4K','NISSAN','LEAF',2019),(16,'5YJSA1E29H','TESLA','MODEL S',2017),(17,'5YJSA1H18E','TESLA','MODEL S',2014),(18,'LPSED3KA3M','POLESTAR','PS2',2021),(19,'5YJSA1E24G','TESLA','MODEL S',2016),(20,'KM8S6DA23N','HYUNDAI','SANTA FE',2022),(21,'WBY1Z4C58F','BMW','I3',2015),(22,'7SAYGDEF0P','TESLA','MODEL Y',2023),(23,'5YJXCBE29G','TESLA','MODEL X',2016),(24,'1C4RJXN60R','JEEP','WRANGLER',2024),(25,'WBA8E1C59J','BMW','330E',2018),(26,'JTDKARFP8J','TOYOTA','PRIUS PRIME',2018),(27,'5YJ3E1EB9J','TESLA','MODEL 3',2018),(28,'7FCTGAAA0N','RIVIAN','R1T',2022),(29,'YV4H60DL9N','VOLVO','XC60',2022),(30,'5UXTA6C04M','BMW','X5',2021),(31,'3C3CFFGE5F','FIAT','500',2015),(32,'1G1FY6S01N','CHEVROLET','BOLT EUV',2022),(33,'5YJYGDEE0M','TESLA','MODEL Y',2021),(34,'5YJ3E1EB6J','TESLA','MODEL 3',2018),(35,'5YJSA1E49H','TESLA','MODEL S',2017),(36,'1G1FZ6S05K','CHEVROLET','BOLT EV',2019),(37,'5YJSA1S23F','TESLA','MODEL S',2015),(38,'5YJ3E1EB3J','TESLA','MODEL 3',2018),(39,'5YJ3E1EB0L','TESLA','MODEL 3',2020),(40,'5YJYGDEE2M','TESLA','MODEL Y',2021),(41,'JM3KKDHA7R','MAZDA','CX-90',2024),(42,'JM3KKCHAXS','MAZDA','CX-90',2025),(43,'KNDCC3LD7N','KIA','NIRO',2022),(44,'5YJ3E1EA8R','TESLA','MODEL 3',2024),(45,'5YJ3E1EA5J','TESLA','MODEL 3',2018),(46,'5YJSA1E22K','TESLA','MODEL S',2019),(47,'5YJXCDE25H','TESLA','MODEL X',2017),(48,'5YJXCDE46K','TESLA','MODEL X',2019),(49,'YV4BR00K8L','VOLVO','XC90',2020),(50,'5YJYGDEE8L','TESLA','MODEL Y',2020),(51,'5YJ3E1EB5K','TESLA','MODEL 3',2019),(52,'5YJSA1DP8D','TESLA','MODEL S',2013),(53,'7PDSGABA2P','RIVIAN','R1S',2023),(54,'JN1AZ0CP5B','NISSAN','LEAF',2011),(55,'WA1AAAGE1N','AUDI','E-TRON',2022),(56,'JTJCJMGA1R','LEXUS','RX',2024),(57,'1N4AZ1BP3L','NISSAN','LEAF',2020),(58,'1N4AZ0CP4E','NISSAN','LEAF',2014),(59,'5YJ3E1EA2J','TESLA','MODEL 3',2018),(60,'5YJ3E1EA8K','TESLA','MODEL 3',2019),(61,'5YJXCBE27L','TESLA','MODEL X',2020),(62,'1G1FX6S07J','CHEVROLET','BOLT EV',2018),(63,'WBY1Z2C52F','BMW','I3',2015),(64,'WB523CF08R','BMW','IX',2024),(65,'1C4JJXR61P','JEEP','WRANGLER',2023),(66,'5UX43EU06R','BMW','X5',2024),(67,'KNDCS3LF8R','KIA','NIRO',2024),(68,'1N4CZ1CV0P','NISSAN','LEAF',2023),(69,'KNDCE3LG6L','KIA','NIRO',2020),(70,'1N4BZ1CP3K','NISSAN','LEAF',2019),(71,'7SAYGDEE9R','TESLA','MODEL Y',2024),(72,'KNDC4DLC9N','KIA','EV6',2022),(73,'7PDSGBBA9S','RIVIAN','R1S',2025),(74,'5YJ3E1EC0L','TESLA','MODEL 3',2020),(75,'JN1AZ0CP7C','NISSAN','LEAF',2012),(76,'5YJ3E1EB0J','TESLA','MODEL 3',2018),(77,'2C4RC1L7XJ','CHRYSLER','PACIFICA',2018),(78,'1N4AZ1CP7K','NISSAN','LEAF',2019),(79,'7SAYGDEE3N','TESLA','MODEL Y',2022),(80,'1G1FW6S03H','CHEVROLET','BOLT EV',2017),(81,'1N4AZ0CP5D','NISSAN','LEAF',2013),(82,'JN1AZ0CP8C','NISSAN','LEAF',2012),(83,'5YJSA1E21J','TESLA','MODEL S',2018),(84,'KMHC65LD9L','HYUNDAI','IONIQ',2020),(85,'5YJSA1E26K','TESLA','MODEL S',2019),(86,'KNDJP3AE2G','KIA','SOUL',2016),(87,'5YJ3E1EC2M','TESLA','MODEL 3',2021),(88,'5YJ3E1EB2L','TESLA','MODEL 3',2020),(89,'1FT6W1EV6P','FORD','F-150',2023),(90,'3MW39FF06R','BMW','330E',2024),(91,'5YJSA1E12G','TESLA','MODEL S',2016),(92,'KNDCR3L17P','KIA','NIRO',2023),(93,'5YJ3E1EA7K','TESLA','MODEL 3',2019),(94,'5YJ3E1EA4L','TESLA','MODEL 3',2020),(95,'WA1F2AFY4R','AUDI','Q5 E',2024),(96,'1C4JJXP65P','JEEP','WRANGLER',2023),(97,'5YJYGDEE0L','TESLA','MODEL Y',2020),(98,'1G1RA6S52H','CHEVROLET','VOLT',2017),(99,'5YJYGDEF7L','TESLA','MODEL Y',2020),(100,'YV4H600L6N','VOLVO','XC90',2022),(101,'KNDRMDLH3N','KIA','SORENTO',2022),(102,'1G1FW6S07H','CHEVROLET','BOLT EV',2017),(103,'1N4AZ0CP9D','NISSAN','LEAF',2013),(104,'1C4RJYB65R','JEEP','GRAND CHEROKEE',2024),(105,'1C4JJXN63P','JEEP','WRANGLER',2023),(106,'5YJXCBE21G','TESLA','MODEL X',2016),(107,'5YJXCAE29J','TESLA','MODEL X',2018),(108,'JTMCB3FV0R','TOYOTA','RAV4 PRIME',2024),(109,'KNDRJDLH7N','KIA','SORENTO',2022),(110,'5YJ3E1EBXL','TESLA','MODEL 3',2020),(111,'3C3CFFGE6H','FIAT','500',2017),(112,'5YJ3E1EB6K','TESLA','MODEL 3',2019),(113,'5UXTA6C0XP','BMW','X5',2023),(114,'WBY1Z4C56E','BMW','I3',2014),(115,'5YJYGDEFXL','TESLA','MODEL Y',2020),(116,'5YJXCBE26G','TESLA','MODEL X',2016),(117,'KNDCC3LD4K','KIA','NIRO',2019),(118,'5YJ3E1EA3J','TESLA','MODEL 3',2018),(119,'5UXTA6C05P','BMW','X5',2023),(120,'WBA13AG07M','BMW','530E',2021),(121,'5YJSA1CN6C','TESLA','MODEL S',2012),(122,'JM3KKEHA1R','MAZDA','CX-90',2024),(123,'1G1RC6E4XB','CHEVROLET','VOLT',2011),(124,'5YJSA1E26G','TESLA','MODEL S',2016),(125,'5YJ3E1EB2K','TESLA','MODEL 3',2019),(126,'5YJ3E1EA7L','TESLA','MODEL 3',2020),(127,'KNDJX3AE7G','KIA','SOUL',2016),(128,'5YJ3E1EA7J','TESLA','MODEL 3',2018),(129,'5YJXCBE20J','TESLA','MODEL X',2018),(130,'KNDJX3AE5G','KIA','SOUL',2016),(131,'WDC0G5EB3K','MERCEDES-BENZ','GLC-CLASS',2019),(132,'1N4AZ0CP8D','NISSAN','LEAF',2013),(133,'1N4CZ1CV3S','NISSAN','LEAF',2025),(134,'YV4BC0PL7H','VOLVO','XC90',2017),(135,'5YJ3E1EA4J','TESLA','MODEL 3',2018),(136,'KNDRMDLH1R','KIA','SORENTO',2024),(137,'WAUUPBFF9G','AUDI','A3',2016),(138,'5YJ3E1EB4J','TESLA','MODEL 3',2018),(139,'5YJXCDE26J','TESLA','MODEL X',2018),(140,'JTMEB3FV7S','TOYOTA','RAV4 PRIME',2025),(141,'5YJ3E1EB1J','TESLA','MODEL 3',2018),(142,'JM3KJEHA4S','MAZDA','CX-70',2025),(143,'5YJYGDEE5L','TESLA','MODEL Y',2020),(144,'5YJYGDEE7L','TESLA','MODEL Y',2020),(145,'3C3CFFGE0H','FIAT','500',2017),(146,'5YJ3E1EA5L','TESLA','MODEL 3',2020),(147,'5YJ3E1EC3M','TESLA','MODEL 3',2021),(148,'5YJ3E1EB4L','TESLA','MODEL 3',2020),(149,'5YJXCAE2XH','TESLA','MODEL X',2017),(150,'JM3KKBHA8R','MAZDA','CX-90',2024),(151,'WBY8P4C59K','BMW','I3',2019),(152,'KNDCC3LD3K','KIA','NIRO',2019),(153,'5YJSA1E22G','TESLA','MODEL S',2016),(154,'JHMZC5F34J','HONDA','CLARITY',2018),(155,'JTMCB3FVXM','TOYOTA','RAV4 PRIME',2021),(156,'5YJ3E1EB9K','TESLA','MODEL 3',2019),(157,'1FADP5CU8D','FORD','C-MAX',2013),(158,'JA4J24A54K','MITSUBISHI','OUTLANDER',2019),(159,'5YJSA1E17F','TESLA','MODEL S',2015),(160,'5YJ3E1EB8J','TESLA','MODEL 3',2018),(161,'JTMFB3FV3R','TOYOTA','RAV4 PRIME',2024),(162,'JTDKN3DP1D','TOYOTA','PRIUS PLUG-IN',2013),(163,'5YJ3E1EA0J','TESLA','MODEL 3',2018),(164,'7SAYGDEE6P','TESLA','MODEL Y',2023),(165,'1C4RJXN65R','JEEP','WRANGLER',2024),(166,'WA1G2AFYXN','AUDI','Q5',2022),(167,'5YJSA1AG1D','TESLA','MODEL S',2013),(168,'1G1FY6S06L','CHEVROLET','BOLT EV',2020),(169,'JN1AZ0CP5C','NISSAN','LEAF',2012),(170,'5YJ3E1EC0N','TESLA','MODEL 3',2022),(171,'JTDKARFP9H','TOYOTA','PRIUS PRIME',2017),(172,'1N4BZ0CP0H','NISSAN','LEAF',2017),(173,'5YJYGDEF1L','TESLA','MODEL Y',2020),(174,'5YJ3E1EB7J','TESLA','MODEL 3',2018),(175,'JN1AZ0CP1C','NISSAN','LEAF',2012),(176,'5YJSA1DP9D','TESLA','MODEL S',2013),(177,'JTJHKCFZ7R','LEXUS','NX',2024),(178,'1N4AZ0CP3D','NISSAN','LEAF',2013),(179,'1FADP5CU2E','FORD','C-MAX',2014),(180,'1G1FY6S08K','CHEVROLET','BOLT EV',2019),(181,'2C4RC1N72P','CHRYSLER','PACIFICA',2023),(182,'5YJXCBE21J','TESLA','MODEL X',2018),(183,'1N4AZ1CP2J','NISSAN','LEAF',2018),(184,'5UXTA6C04N','BMW','X5',2022),(185,'5YJSA1E21G','TESLA','MODEL S',2016),(186,'5YJ3E1EA9L','TESLA','MODEL 3',2020),(187,'WA1E2AFY2P','AUDI','Q5 E',2023),(188,'KNDJX3AE3G','KIA','SOUL',2016),(189,'5YJ3E1EC4L','TESLA','MODEL 3',2020),(190,'1G1FZ6S01L','CHEVROLET','BOLT EV',2020),(191,'5YJXCAE25G','TESLA','MODEL X',2016),(192,'5YJ3E1EB2J','TESLA','MODEL 3',2018),(193,'2C4RC1N73L','CHRYSLER','PACIFICA',2020),(194,'1N4AZ1CP3J','NISSAN','LEAF',2018),(195,'5YJ3E1EB6L','TESLA','MODEL 3',2020),(196,'1G1FZ6S04L','CHEVROLET','BOLT EV',2020),(197,'1C4JJXP61M','JEEP','WRANGLER',2021),(198,'5YJ3E1EA1K','TESLA','MODEL 3',2019),(199,'KNDPZDDHXR','KIA','SPORTAGE',2024),(200,'1N4AZ0CP8F','NISSAN','LEAF',2015),(201,'5YJXCBE24L','TESLA','MODEL X',2020),(202,'5YJ3E1EA6K','TESLA','MODEL 3',2019),(203,'WA1E2AFY0R','AUDI','Q5 E',2024),(204,'5YJ3E1EB5L','TESLA','MODEL 3',2020),(205,'KNDCE3LG8K','KIA','NIRO',2019),(206,'KNDJX3AE6F','KIA','SOUL',2015),(207,'1N4AZ0CP1D','NISSAN','LEAF',2013),(208,'KNDRJDJH9S','KIA','SORENTO',2025),(209,'WBY1Z2C59F','BMW','I3',2015),(210,'5YJYGDEE9L','TESLA','MODEL Y',2020),(211,'3C3CFFGE3H','FIAT','500',2017),(212,'JTJHKCFZ5N','LEXUS','NX',2022),(213,'1G1FY6S0XL','CHEVROLET','BOLT EV',2020),(214,'1N4BZ0CP1G','NISSAN','LEAF',2016),(215,'WA1E2AFY8M','AUDI','Q5 E',2021),(216,'1N4AZ0CP6F','NISSAN','LEAF',2015),(217,'5YJ3E1ECXL','TESLA','MODEL 3',2020),(218,'1N4AZ0CPXE','NISSAN','LEAF',2014),(219,'5YJ3E1EB7K','TESLA','MODEL 3',2019),(220,'WA1VABGE2K','AUDI','E-TRON',2019),(221,'WAUSPBFF7J','AUDI','A3',2018),(222,'YV4BC0PK0G','VOLVO','XC90',2016),(223,'KNDC4DLC4N','KIA','EV6',2022),(224,'WVGGNPE22N','VOLKSWAGEN','ID.4',2022),(225,'1V2WNPE88P','VOLKSWAGEN','ID.4',2023),(226,'JTMABABA7R','SUBARU','SOLTERRA',2024),(227,'7SAYGDEE7R','TESLA','MODEL Y',2024),(228,'5YJYGDEE7M','TESLA','MODEL Y',2021),(229,'1G1FX6S09J','CHEVROLET','BOLT EV',2018),(230,'7SAYGAEE1P','TESLA','MODEL Y',2023),(231,'5YJSA1S22F','TESLA','MODEL S',2015),(232,'5YJ3E1EA9K','TESLA','MODEL 3',2019),(233,'5YJ3E1EB5P','TESLA','MODEL 3',2023),(234,'JN1CF0BB9R','NISSAN','ARIYA',2024),(235,'WVWKP7AU2F','VOLKSWAGEN','E-GOLF',2015),(236,'3FA6P0SUXH','FORD','FUSION',2017),(237,'5YJ3E1EA1J','TESLA','MODEL 3',2018),(238,'KM8KRDAF2P','HYUNDAI','IONIQ 5',2023),(239,'1N4AZ1CP4J','NISSAN','LEAF',2018),(240,'WBY7Z8C59J','BMW','I3',2018),(241,'KL8CL6S03F','CHEVROLET','SPARK',2015),(242,'YV4H60DA9P','VOLVO','XC60',2023),(243,'7SAYGDEE9P','TESLA','MODEL Y',2023),(244,'1N4BZ0CP5G','NISSAN','LEAF',2016),(245,'1N4AZ1CP9J','NISSAN','LEAF',2018),(246,'3FMTK3SUXM','FORD','MUSTANG MACH-E',2021),(247,'5YJSA1E58M','TESLA','MODEL S',2021),(248,'5YJ3E1EB4P','TESLA','MODEL 3',2023),(249,'5YJYGAEEXM','TESLA','MODEL Y',2021),(250,'KNDCE3LG2L','KIA','NIRO',2020),(251,'WP1AE2AY6K','PORSCHE','CAYENNE',2019),(252,'5YJSA1E20J','TESLA','MODEL S',2018),(253,'5YJXCBE26M','TESLA','MODEL X',2021),(254,'7SAYGDEEXP','TESLA','MODEL Y',2023),(255,'5UXTA6C03N','BMW','X5',2022),(256,'5YJ3E1EA0P','TESLA','MODEL 3',2023),(257,'5YJ3E1EA6R','TESLA','MODEL 3',2024),(258,'1FT6W5L79R','FORD','F-150',2024),(259,'5YJYGDEE3M','TESLA','MODEL Y',2021),(260,'7SAYGDEE0R','TESLA','MODEL Y',2024),(261,'7SAYGDEE4P','TESLA','MODEL Y',2023),(262,'1V2CMPE86P','VOLKSWAGEN','ID.4',2023),(263,'1G1FY6S01P','CHEVROLET','BOLT EUV',2023),(264,'KNDC3DLC6N','KIA','EV6',2022),(265,'5YJSA1E6XN','TESLA','MODEL S',2022),(266,'3FMTK1R42R','FORD','MUSTANG MACH-E',2024),(267,'1FTBW9CK0N','FORD','TRANSIT',2022),(268,'JTDKAMFP9N','TOYOTA','PRIUS PRIME',2022),(269,'7SAYGDEE0P','TESLA','MODEL Y',2023),(270,'JTMEB3FV7M','TOYOTA','RAV4 PRIME',2021),(271,'5YJ3E1EA4P','TESLA','MODEL 3',2023),(272,'1G1FY6S07N','CHEVROLET','BOLT EUV',2022),(273,'7SAYGDEEXR','TESLA','MODEL Y',2024),(274,'7SAYGDEFXP','TESLA','MODEL Y',2023),(275,'5YJ3E1EA6J','TESLA','MODEL 3',2018),(276,'7SAYGAEE8P','TESLA','MODEL Y',2023),(277,'1N4BZ0CP7H','NISSAN','LEAF',2017),(278,'5YJSA1AGXD','TESLA','MODEL S',2013),(279,'5YJ3E1ET9R','TESLA','MODEL 3',2024),(280,'1N4AZ0CP1F','NISSAN','LEAF',2015),(281,'JA4T5WA92R','MITSUBISHI','OUTLANDER',2024),(282,'1G1FZ6S02N','CHEVROLET','BOLT EUV',2022),(283,'5YJ3E1EA3P','TESLA','MODEL 3',2023),(284,'1G1FY6S06P','CHEVROLET','BOLT EUV',2023),(285,'5YJXCAE42L','TESLA','MODEL X',2020),(286,'5YJSA1E25J','TESLA','MODEL S',2018),(287,'JTMABACA9R','TOYOTA','BZ4X',2024),(288,'W1KCG4EB9P','MERCEDES-BENZ','EQS-CLASS SEDAN',2023),(289,'7FCTGAAA3N','RIVIAN','R1T',2022),(290,'7SAYGAEE6R','TESLA','MODEL Y',2024),(291,'KNDCR3L15R','KIA','NIRO',2024),(292,'WBA7W4C07L','BMW','745E',2020),(293,'KM8K53AGXM','HYUNDAI','KONA ELECTRIC',2021),(294,'5YJYGDEE8M','TESLA','MODEL Y',2021),(295,'7SAYGDEEXN','TESLA','MODEL Y',2022),(296,'JTMABACA4P','TOYOTA','BZ4X',2023),(297,'5YJ3E1EA6M','TESLA','MODEL 3',2021),(298,'KM8KM4AE6N','HYUNDAI','IONIQ 5',2022),(299,'3FA6P0PU7F','FORD','FUSION',2015),(300,'1FT6W1EV7P','FORD','F-150',2023),(301,'JTMEB3FV0R','TOYOTA','RAV4 PRIME',2024),(302,'1V2WNPE82P','VOLKSWAGEN','ID.4',2023),(303,'5YJ3E1EB7P','TESLA','MODEL 3',2023),(304,'5YJXCAE21J','TESLA','MODEL X',2018),(305,'5YJ3E1EB2N','TESLA','MODEL 3',2022),(306,'SADHB2S14L','JAGUAR','I-PACE',2020),(307,'1C4RJYE63P','JEEP','GRAND CHEROKEE',2023),(308,'5YJXCAE46G','TESLA','MODEL X',2016),(309,'WA1M2BFZ2P','AUDI','Q4',2023),(310,'1C4RJYB69R','JEEP','GRAND CHEROKEE',2024),(311,'5YJSA1E69P','TESLA','MODEL S',2023),(312,'WBAJB1C54J','BMW','530E',2018),(313,'1G1RC6S55H','CHEVROLET','VOLT',2017),(314,'1G1RH6E48E','CHEVROLET','VOLT',2014),(315,'KNDC4DLC3R','KIA','EV6',2024),(316,'5YJYGDEE9M','TESLA','MODEL Y',2021),(317,'JTDKN3DP1C','TOYOTA','PRIUS PLUG-IN',2012),(318,'KNDC4DLC2R','KIA','EV6',2024),(319,'5YJ3E1EB1N','TESLA','MODEL 3',2022),(320,'7SAYGAEE5P','TESLA','MODEL Y',2023),(321,'5YJSA1E4XG','TESLA','MODEL S',2016),(322,'1G1RD6E48E','CHEVROLET','VOLT',2014),(323,'5YJSA1E58P','TESLA','MODEL S',2023),(324,'5YJ3E1EB5J','TESLA','MODEL 3',2018),(325,'5YJYGDEEXM','TESLA','MODEL Y',2021),(326,'7SAYGAEE9P','TESLA','MODEL Y',2023),(327,'KNDADFS55R','KIA','EV9',2024),(328,'7SAYGDEE2P','TESLA','MODEL Y',2023),(329,'7SAXCBE58P','TESLA','MODEL X',2023),(330,'5YJSA1CN7D','TESLA','MODEL S',2013),(331,'1N4BZ0CP2G','NISSAN','LEAF',2016),(332,'7SAYGDEE8R','TESLA','MODEL Y',2024),(333,'KM8KMDAF2P','HYUNDAI','IONIQ 5',2023),(334,'5YJSA1E5XR','TESLA','MODEL S',2024),(335,'5YJ3E1EB3M','TESLA','MODEL 3',2021),(336,'7SAXCBE61P','TESLA','MODEL X',2023),(337,'WP0AA2Y10R','PORSCHE','TAYCAN',2024),(338,'5YJ3E1EA5M','TESLA','MODEL 3',2021),(339,'1G1RD6E46E','CHEVROLET','VOLT',2014),(340,'1FADP5CUXD','FORD','C-MAX',2013),(341,'5UXTA6C02P','BMW','X5',2023),(342,'YV1H60EP2R','VOLVO','V60',2024),(343,'WA1AAAGE4M','AUDI','E-TRON',2021),(344,'KNDC3DLC9N','KIA','EV6',2022),(345,'7SAYGAEE6P','TESLA','MODEL Y',2023),(346,'JTDKN3DP5C','TOYOTA','PRIUS PLUG-IN',2012),(347,'5YJ3E1EAXJ','TESLA','MODEL 3',2018),(348,'JA4T5UA94P','MITSUBISHI','OUTLANDER',2023),(349,'3FMTK3RM0P','FORD','MUSTANG MACH-E',2023),(350,'5YJYGDEF4M','TESLA','MODEL Y',2021),(351,'WB523CF0XR','BMW','IX',2024),(352,'7SAYGDEE9N','TESLA','MODEL Y',2022),(353,'KNDCC3LD0L','KIA','NIRO',2020),(354,'WA14CBGE9R','AUDI','SQ8',2024),(355,'WBY1Z4C57F','BMW','I3',2015),(356,'1N4AZ0CP1G','NISSAN','LEAF',2016),(357,'3FA6P0SU7F','FORD','FUSION',2015),(358,'1N4AZ0CP0F','NISSAN','LEAF',2015),(359,'5YJXCAE26H','TESLA','MODEL X',2017),(360,'7SAYGDEF4N','TESLA','MODEL Y',2022),(361,'KNDCD3LD0K','KIA','NIRO',2019),(362,'5YJ3E1EA5R','TESLA','MODEL 3',2024),(363,'7SAYGDED8R','TESLA','MODEL Y',2024),(364,'5YJ3E1EC1N','TESLA','MODEL 3',2022),(365,'JTMABACA6R','TOYOTA','BZ4X',2024),(366,'3MW39FS04P','BMW','330E',2023),(367,'7SAYGDEE1P','TESLA','MODEL Y',2023),(368,'KNDJX3AE2F','KIA','SOUL',2015),(369,'1G1RA6E41E','CHEVROLET','VOLT',2014),(370,'1N4BZ1DV2M','NISSAN','LEAF',2021),(371,'KM8KMDAFXP','HYUNDAI','IONIQ 5',2023),(372,'5YJSA1H20F','TESLA','MODEL S',2015),(373,'4JGDM4EB9P','MERCEDES-BENZ','EQS-CLASS SUV',2023),(374,'1G1FY6S07P','CHEVROLET','BOLT EUV',2023),(375,'KM8KNDAF9P','HYUNDAI','IONIQ 5',2023),(376,'JTJHKCFZ5R','LEXUS','NX',2024),(377,'KNDPZDAH5P','KIA','SPORTAGE',2023),(378,'JN1AF0BAXP','NISSAN','ARIYA',2023),(379,'JTJAAAAB5P','LEXUS','RZ',2023),(380,'1N4AZ0CPXD','NISSAN','LEAF',2013),(381,'5YJSA1E2XJ','TESLA','MODEL S',2018),(382,'KNDAEFS5XR','KIA','EV9',2024),(383,'KNDC4DLC1P','KIA','EV6',2023),(384,'WBY73AW07P','BMW','I4',2023),(385,'7SAYGDEF9R','TESLA','MODEL Y',2024),(386,'5YJ3E1EB4M','TESLA','MODEL 3',2021),(387,'5YJ3E1EA9P','TESLA','MODEL 3',2023),(388,'1G1FW6S06H','CHEVROLET','BOLT EV',2017),(389,'JTDKN3DP9D','TOYOTA','PRIUS PLUG-IN',2013),(390,'WA1E2AFY4R','AUDI','Q5 E',2024),(391,'1G1FY6S03P','CHEVROLET','BOLT EUV',2023),(392,'JN1AZ0CP6C','NISSAN','LEAF',2012),(393,'5YJ3E1EBXJ','TESLA','MODEL 3',2018),(394,'JHMZC5F15J','HONDA','CLARITY',2018),(395,'5YJ3E1EC0M','TESLA','MODEL 3',2021),(396,'1N4CZ1CVXP','NISSAN','LEAF',2023),(397,'5YJSA1H25F','TESLA','MODEL S',2015),(398,'1V25MPE80P','VOLKSWAGEN','ID.4',2023),(399,'5YJ3E1EA3M','TESLA','MODEL 3',2021),(400,'WBY1Z4C52E','BMW','I3',2014),(401,'5YJ3E1EA3L','TESLA','MODEL 3',2020),(402,'JM3KKBHA3S','MAZDA','CX-90',2025),(403,'YV4ER3XL7R','VOLVO','XC40',2024),(404,'JHMZC5F3XJ','HONDA','CLARITY',2018),(405,'1G1FY6S07K','CHEVROLET','BOLT EV',2019),(406,'7SAYGDEE3P','TESLA','MODEL Y',2023),(407,'1C4JJXP69M','JEEP','WRANGLER',2021),(408,'YV4ED3UK0P','VOLVO','XC40',2023),(409,'5YJXCAE25H','TESLA','MODEL X',2017),(410,'1G1FX6S00P','CHEVROLET','BOLT EV',2023),(411,'W1N9M0KB7R','MERCEDES-BENZ','EQB-CLASS',2024),(412,'5YJ3E1EB8K','TESLA','MODEL 3',2019),(413,'YV4H60CF4R','VOLVO','XC90',2024),(414,'3FA6P0SUXK','FORD','FUSION',2019),(415,'7SAYGDEE7P','TESLA','MODEL Y',2023),(416,'5UXKT0C59J','BMW','X5',2018),(417,'5YJYGDEE1M','TESLA','MODEL Y',2021),(418,'5YJ3E1EA4K','TESLA','MODEL 3',2019),(419,'KM8JFDD21R','HYUNDAI','TUCSON',2024),(420,'5YJ3E1EA1M','TESLA','MODEL 3',2021),(421,'1C4JJXR60M','JEEP','WRANGLER',2021),(422,'1G1FX6S04H','CHEVROLET','BOLT EV',2017),(423,'WBY73AW08P','BMW','I4',2023),(424,'3FMTK3SU3R','FORD','MUSTANG MACH-E',2024),(425,'1G1FY6S09L','CHEVROLET','BOLT EV',2020),(426,'1G1RA6S58H','CHEVROLET','VOLT',2017),(427,'WVGUNPE2XM','VOLKSWAGEN','ID.4',2021),(428,'3GN7DNRP9R','CHEVROLET','EQUINOX EV',2024),(429,'WP0AD2Y18N','PORSCHE','TAYCAN',2022),(430,'KM8K23AG1M','HYUNDAI','KONA ELECTRIC',2021),(431,'1G1RA6S59J','CHEVROLET','VOLT',2018),(432,'7SAYGAEE3P','TESLA','MODEL Y',2023),(433,'1G1FZ6S05P','CHEVROLET','BOLT EUV',2023),(434,'1G1RA6S51H','CHEVROLET','VOLT',2017),(435,'3GPKHZRJ0R','HONDA','PROLOGUE',2024),(436,'5YJXCAE27J','TESLA','MODEL X',2018),(437,'WBY13HG02S','BMW','I5',2025),(438,'5YJ3E1EA5P','TESLA','MODEL 3',2023),(439,'WMW13DJ00N','MINI','HARDTOP',2022),(440,'5YJYGDEE2L','TESLA','MODEL Y',2020),(441,'1GT10DDB4S','GMC','HUMMER EV PICKUP',2025),(442,'JTMEB3FV8P','TOYOTA','RAV4 PRIME',2023),(443,'7SAXCBE53P','TESLA','MODEL X',2023),(444,'5YJSA1E23J','TESLA','MODEL S',2018),(445,'WP0CD2Y16P','PORSCHE','TAYCAN',2023),(446,'5YJ3E1EA2M','TESLA','MODEL 3',2021),(447,'JTDKARFPXJ','TOYOTA','PRIUS PRIME',2018),(448,'JTDKARFP0H','TOYOTA','PRIUS PRIME',2017),(449,'5YJ3E1EB2M','TESLA','MODEL 3',2021),(450,'50EA1TEA3P','LUCID','AIR',2023),(451,'1FT6W1B75R','FORD','F-150',2024),(452,'KM8KRDAF0P','HYUNDAI','IONIQ 5',2023),(453,'YV4BR0CKXM','VOLVO','XC90',2021),(454,'KNDAFFS56R','KIA','EV9',2024),(455,'7FCTGBAA2R','RIVIAN','R1T',2024),(456,'WVWKP7AU3G','VOLKSWAGEN','E-GOLF',2016),(457,'YSMFD3KA6R','POLESTAR','PS2',2024),(458,'3FMTK3SS0P','FORD','MUSTANG MACH-E',2023),(459,'7SAYGDEF8R','TESLA','MODEL Y',2024),(460,'JTMAB3FVXM','TOYOTA','RAV4 PRIME',2021),(461,'5YJ3E1EB9L','TESLA','MODEL 3',2020),(462,'1FTVW1ELXN','FORD','F-150',2022),(463,'5YJYGDEF6L','TESLA','MODEL Y',2020),(464,'1FADP3R45E','FORD','FOCUS',2014),(465,'5UXKT0C36H','BMW','X5',2017),(466,'5YJSA1E23K','TESLA','MODEL S',2019),(467,'5YJYGDEE4M','TESLA','MODEL Y',2021),(468,'KMHC65LD5K','HYUNDAI','IONIQ',2019),(469,'5YJ3E1ECXM','TESLA','MODEL 3',2021),(470,'5YJ3E1EA1N','TESLA','MODEL 3',2022),(471,'7SAYGDEE5N','TESLA','MODEL Y',2022),(472,'JTMFB3FV1R','TOYOTA','RAV4 PRIME',2024),(473,'5YJSA1E28L','TESLA','MODEL S',2020),(474,'3GNKDCRJ3R','CHEVROLET','BLAZER EV',2024),(475,'5YJ3E1EA6P','TESLA','MODEL 3',2023),(476,'KNDADFS59R','KIA','EV9',2024),(477,'1N4AZ0CP0G','NISSAN','LEAF',2016),(478,'JTDKAMFP4M','TOYOTA','PRIUS PRIME',2021),(479,'JTMABACA0R','TOYOTA','BZ4X',2024),(480,'2C4RC1S73N','CHRYSLER','PACIFICA',2022),(481,'7SAYGDEE8P','TESLA','MODEL Y',2023),(482,'5YJ3E1EB8N','TESLA','MODEL 3',2022),(483,'1G1FW6S09H','CHEVROLET','BOLT EV',2017),(484,'1G1FZ6S09L','CHEVROLET','BOLT EV',2020),(485,'5YJXCBE46G','TESLA','MODEL X',2016),(486,'5YJ3E1EC0P','TESLA','MODEL 3',2023),(487,'7SAXCBE51R','TESLA','MODEL X',2024),(488,'5UXTA6C0XM','BMW','X5',2021),(489,'KNDRMDLH7P','KIA','SORENTO',2023),(490,'JTDKAMFP0M','TOYOTA','PRIUS PRIME',2021),(491,'1V2DNPE89P','VOLKSWAGEN','ID.4',2023),(492,'7SAYGDEF2P','TESLA','MODEL Y',2023),(493,'5YJ3E1EB7M','TESLA','MODEL 3',2021),(494,'3FMTK3SU4R','FORD','MUSTANG MACH-E',2024),(495,'7SAYGDED0R','TESLA','MODEL Y',2024),(496,'1FT6W1EV5P','FORD','F-150',2023),(497,'1GYKPRRL0R','CADILLAC','LYRIQ',2024),(498,'JN1BF0BA3P','NISSAN','ARIYA',2023),(499,'YV4BC0PK9G','VOLVO','XC90',2016),(500,'YV4H60CE9R','VOLVO','XC90',2024),(501,'1G1RA6S56J','CHEVROLET','VOLT',2018),(502,'WVWKR7AUXK','VOLKSWAGEN','E-GOLF',2019),(503,'2C4RC1N73P','CHRYSLER','PACIFICA',2023),(504,'YV4BR0CK0N','VOLVO','XC90',2022),(505,'5YJ3E1EB0M','TESLA','MODEL 3',2021),(506,'KNDJX3AEXG','KIA','SOUL',2016),(507,'5YJ3E1EB6N','TESLA','MODEL 3',2022),(508,'5YJSA1E54N','TESLA','MODEL S',2022),(509,'KM8KN4DE4R','HYUNDAI','IONIQ 5',2024),(510,'5YJSA1H21E','TESLA','MODEL S',2014),(511,'JTMAB3FV1P','TOYOTA','RAV4 PRIME',2023),(512,'1G1FW6S06N','CHEVROLET','BOLT EV',2022),(513,'JA3215H19C','MITSUBISHI','I-MIEV',2012),(514,'1N4CZ1CV7P','NISSAN','LEAF',2023),(515,'1G1FZ6S09N','CHEVROLET','BOLT EUV',2022),(516,'1G1FZ6S03L','CHEVROLET','BOLT EV',2020),(517,'5YJ3E1EA0L','TESLA','MODEL 3',2020),(518,'WBY73AW03P','BMW','I4',2023),(519,'YV4H60DW6P','VOLVO','XC60',2023),(520,'JTDKARFP6L','TOYOTA','PRIUS PRIME',2020),(521,'WB523CF0XS','BMW','IX',2025),(522,'7SAYGDEE4N','TESLA','MODEL Y',2022),(523,'WAUTPBFF3G','AUDI','A3',2016),(524,'5YJXCDE25J','TESLA','MODEL X',2018),(525,'KNDRMDLH9P','KIA','SORENTO',2023),(526,'7FCTGAAAXN','RIVIAN','R1T',2022),(527,'WDC0G5EB7K','MERCEDES-BENZ','GLC-CLASS',2019),(528,'7SAYGDEE3R','TESLA','MODEL Y',2024),(529,'5YJSA1CG9D','TESLA','MODEL S',2013),(530,'5YJYGAEE6M','TESLA','MODEL Y',2021),(531,'WA15AAGE5R','AUDI','Q8',2024),(532,'1FTBW1YK5P','FORD','TRANSIT',2023),(533,'KNDC3DLC1R','KIA','EV6',2024),(534,'WA1VABGE3K','AUDI','E-TRON',2019),(535,'1GYKPRRLXR','CADILLAC','LYRIQ',2024),(536,'KNDCS3LF0R','KIA','NIRO',2024),(537,'7SAYGAEE2P','TESLA','MODEL Y',2023),(538,'WMEEJ9AA7E','SMART','FORTWO ELECTRIC DRIVE',2014),(539,'1C4JJXP62N','JEEP','WRANGLER',2022),(540,'7PDSGABAXP','RIVIAN','R1S',2023),(541,'1G1FX6S0XJ','CHEVROLET','BOLT EV',2018),(542,'1N4CZ1CV8P','NISSAN','LEAF',2023),(543,'7SAYGDED4S','TESLA','MODEL Y',2025),(544,'1FT6W5L70R','FORD','F-150',2024),(545,'1N4AZ1BVXN','NISSAN','LEAF',2022),(546,'WA1E2AFYXL','AUDI','Q5 E',2020),(547,'1G1RD6E42C','CHEVROLET','VOLT',2012),(548,'1N4AZ0CPXF','NISSAN','LEAF',2015),(549,'5YJXCAE48G','TESLA','MODEL X',2016),(550,'SADHC2S10L','JAGUAR','I-PACE',2020),(551,'1N4AZ1CP7J','NISSAN','LEAF',2018),(552,'KNDC3DLC9R','KIA','EV6',2024),(553,'KNDAEFS55R','KIA','EV9',2024),(554,'5LMYJ8XY6L','LINCOLN','AVIATOR',2020),(555,'JM3KKBHAXR','MAZDA','CX-90',2024),(556,'7SAYGDEF5P','TESLA','MODEL Y',2023),(557,'WBY33AW00R','BMW','I4',2024),(558,'3GPKHVRJ9R','HONDA','PROLOGUE',2024),(559,'5YJ3E1EAXS','TESLA','MODEL 3',2025),(560,'WVGTMPE24M','VOLKSWAGEN','ID.4',2021),(561,'YV4BR0CL8M','VOLVO','XC90',2021),(562,'7PDSGBBA3R','RIVIAN','R1S',2024),(563,'WBY33AW09R','BMW','I4',2024),(564,'7SAYGDEF7R','TESLA','MODEL Y',2024),(565,'5LMYJ8XY2L','LINCOLN','AVIATOR',2020),(566,'1N4BZ1BV2N','NISSAN','LEAF',2022),(567,'WVWKR7AU8H','VOLKSWAGEN','E-GOLF',2017),(568,'1N4BZ1BP3L','NISSAN','LEAF',2020),(569,'KNDC3DLC0R','KIA','EV6',2024),(570,'2C4RC1H72J','CHRYSLER','PACIFICA',2018),(571,'5YJXCBE20H','TESLA','MODEL X',2017),(572,'5YJ3E1EB3R','TESLA','MODEL 3',2024),(573,'7SAYGDEE6N','TESLA','MODEL Y',2022),(574,'5YJ3E1ET2R','TESLA','MODEL 3',2024),(575,'JTMFB3FV7R','TOYOTA','RAV4 PRIME',2024),(576,'LVYBC0AL7J','VOLVO','S90',2018),(577,'YV4H60DLXR','VOLVO','XC60',2024),(578,'1C4JJXP63P','JEEP','WRANGLER',2023),(579,'1FMCU0EZ1N','FORD','ESCAPE',2022),(580,'WVWPR7AU3K','VOLKSWAGEN','E-GOLF',2019),(581,'1N4AZ0CP3F','NISSAN','LEAF',2015),(582,'5YJ3E1EB4N','TESLA','MODEL 3',2022),(583,'5YJ3E1EBXN','TESLA','MODEL 3',2022),(584,'5YJ3E1EA9R','TESLA','MODEL 3',2024),(585,'JTMABABA0R','SUBARU','SOLTERRA',2024),(586,'WAUEJBFW6N','AUDI','E-TRON GT',2022),(587,'7PDSGABA4P','RIVIAN','R1S',2023),(588,'1FTVW1EL3P','FORD','F-150',2023),(589,'1FTBW9CK6P','FORD','TRANSIT',2023),(590,'7SAXCBE55P','TESLA','MODEL X',2023),(591,'5YJXCDE26L','TESLA','MODEL X',2020),(592,'5YJ3E1ET6R','TESLA','MODEL 3',2024),(593,'7SAYGDEE5R','TESLA','MODEL Y',2024),(594,'3FA6P0SUXG','FORD','FUSION',2016),(595,'3FMTK3SU8M','FORD','MUSTANG MACH-E',2021),(596,'5YJ3E1EB3K','TESLA','MODEL 3',2019),(597,'3GNKDBRJXR','CHEVROLET','BLAZER EV',2024),(598,'YV4H60DL1R','VOLVO','XC60',2024),(599,'5YJ3E1EA8P','TESLA','MODEL 3',2023),(600,'1C4JJXP60M','JEEP','WRANGLER',2021),(601,'5YJSA1S10E','TESLA','MODEL S',2014),(602,'WVGRMPE28M','VOLKSWAGEN','ID.4',2021),(603,'1G1FW6S04N','CHEVROLET','BOLT EV',2022),(604,'1G1RA6S59H','CHEVROLET','VOLT',2017),(605,'7SAYGDEE5P','TESLA','MODEL Y',2023),(606,'50EA1GBA0P','LUCID','AIR',2023),(607,'JN1DF0CD7P','NISSAN','ARIYA',2023),(608,'1G1RB6S56J','CHEVROLET','VOLT',2018),(609,'W1KCG4EBXN','MERCEDES-BENZ','EQS-CLASS SEDAN',2022),(610,'KNDPZDDH2S','KIA','SPORTAGE',2025),(611,'1G1FZ6S0XM','CHEVROLET','BOLT EV',2021),(612,'7SAYGDEE1R','TESLA','MODEL Y',2024),(613,'1FADP5EU6H','FORD','C-MAX',2017),(614,'1V2JNPE81P','VOLKSWAGEN','ID.4',2023),(615,'5YJSA1H12E','TESLA','MODEL S',2014),(616,'WBY1Z4C51E','BMW','I3',2014),(617,'WA1F2AFY1R','AUDI','Q5 E',2024),(618,'WVWKR7AU2J','VOLKSWAGEN','E-GOLF',2018),(619,'3FA6P0PU4F','FORD','FUSION',2015),(620,'JTMABABA5R','SUBARU','SOLTERRA',2024),(621,'KM8K33AG2L','HYUNDAI','KONA',2020),(622,'7SAYGDEE2R','TESLA','MODEL Y',2024),(623,'1C4RJYE66P','JEEP','GRAND CHEROKEE',2023),(624,'5YJ3E1EB5S','TESLA','MODEL 3',2025),(625,'KNDPYDAHXP','KIA','SPORTAGE',2023),(626,'5YJSA1E21F','TESLA','MODEL S',2015),(627,'1N4AZ0CP6D','NISSAN','LEAF',2013),(628,'KNDCT3L19P','KIA','NIRO',2023),(629,'JN1AZ0CP8B','NISSAN','LEAF',2011),(630,'1FADP5CU8E','FORD','C-MAX',2014),(631,'5YJ3E1EB8L','TESLA','MODEL 3',2020),(632,'JTMEB3FV1P','TOYOTA','RAV4 PRIME',2023),(633,'KM8K23AG8P','HYUNDAI','KONA ELECTRIC',2023),(634,'KMHM34AC5S','HYUNDAI','IONIQ 6',2025),(635,'1G1FY6S08P','CHEVROLET','BOLT EUV',2023),(636,'WBY33FK05R','BMW','I5',2024),(637,'7SAYGDEE8N','TESLA','MODEL Y',2022),(638,'7SAYGDEF9P','TESLA','MODEL Y',2023),(639,'W1N9M1DB8N','MERCEDES-BENZ','EQB-CLASS',2022),(640,'WA1E2AFY8R','AUDI','Q5 E',2024),(641,'KNDCT3L14P','KIA','NIRO',2023),(642,'5YJSA1E56N','TESLA','MODEL S',2022),(643,'1FADP5FU9H','FORD','C-MAX',2017),(644,'3FMTK4SX7R','FORD','MUSTANG MACH-E',2024),(645,'JN1AZ0CP7B','NISSAN','LEAF',2011),(646,'3FMTK3SU9N','FORD','MUSTANG MACH-E',2022),(647,'55SWF4HB3J','MERCEDES-BENZ','C-CLASS',2018),(648,'1G1FX6S01J','CHEVROLET','BOLT EV',2018),(649,'7SAYGDEF5N','TESLA','MODEL Y',2022),(650,'WBY73AW00R','BMW','I4',2024),(651,'5UXTS1C04M','BMW','X3',2021),(652,'1N4AZ1BV7P','NISSAN','LEAF',2023),(653,'5YJXCDE27L','TESLA','MODEL X',2020),(654,'5YJ3E1ECXN','TESLA','MODEL 3',2022),(655,'JTMABACA7R','TOYOTA','BZ4X',2024),(656,'1FT6W1EV4P','FORD','F-150',2023),(657,'JTDKARFP4H','TOYOTA','PRIUS PRIME',2017),(658,'5YJXCBE27J','TESLA','MODEL X',2018),(659,'JA4J24A54L','MITSUBISHI','OUTLANDER',2020),(660,'3FMTK4SE2N','FORD','MUSTANG MACH-E',2022),(661,'WBY73AW05P','BMW','I4',2023),(662,'JTMABABA6P','SUBARU','SOLTERRA',2023),(663,'2C4RC1L76J','CHRYSLER','PACIFICA',2018),(664,'KNDJX3AE9G','KIA','SOUL',2016),(665,'5YJYGDEF3L','TESLA','MODEL Y',2020),(666,'JTDKARFP2K','TOYOTA','PRIUS PRIME',2019),(667,'5YJ3E1EAXP','TESLA','MODEL 3',2023),(668,'JM3KKDHA4R','MAZDA','CX-90',2024),(669,'7SAXCAE58R','TESLA','MODEL X',2024),(670,'1N4AZ1CP6J','NISSAN','LEAF',2018),(671,'7PDSGABA4R','RIVIAN','R1S',2024),(672,'5YJ3E1EA3R','TESLA','MODEL 3',2024),(673,'3FMTK3SU9M','FORD','MUSTANG MACH-E',2021),(674,'1GYKPTRL3R','CADILLAC','LYRIQ',2024),(675,'YV4H60DM3N','VOLVO','XC60',2022),(676,'7SAYGDEF3P','TESLA','MODEL Y',2023),(677,'YV4BR0DL2N','VOLVO','XC60',2022),(678,'KM8KRDDF4R','HYUNDAI','IONIQ 5',2024),(679,'5YJ3E1EA1R','TESLA','MODEL 3',2024),(680,'5YJ3E1EB7R','TESLA','MODEL 3',2024),(681,'JN1BF0BA4P','NISSAN','ARIYA',2023),(682,'1G1FY6S01L','CHEVROLET','BOLT EV',2020),(683,'5YJ3E1EB3S','TESLA','MODEL 3',2025),(684,'1N4BZ1DV7M','NISSAN','LEAF',2021),(685,'7SAYGDEF5R','TESLA','MODEL Y',2024),(686,'3C3CFFGE8F','FIAT','500',2015),(687,'W1N9M0KB1P','MERCEDES-BENZ','EQB-CLASS',2023),(688,'2C4RC1S78M','CHRYSLER','PACIFICA',2021),(689,'7SAYGDEE7N','TESLA','MODEL Y',2022),(690,'1V2DNPE81P','VOLKSWAGEN','ID.4',2023),(691,'7PDSGBBA4R','RIVIAN','R1S',2024),(692,'JTDKARFP3H','TOYOTA','PRIUS PRIME',2017),(693,'YV4H60DZ2N','VOLVO','XC60',2022),(694,'WB523CF0XP','BMW','IX',2023),(695,'1FADP5CU9E','FORD','C-MAX',2014),(696,'5YM23CS02R','BMW','XM',2024),(697,'JTDKARFP2H','TOYOTA','PRIUS PRIME',2017),(698,'1G1FZ6S02P','CHEVROLET','BOLT EUV',2023),(699,'WVWKP7AU4G','VOLKSWAGEN','E-GOLF',2016),(700,'2C4RC1S70P','CHRYSLER','PACIFICA',2023),(701,'5YJ3E1EA9J','TESLA','MODEL 3',2018),(702,'1N4AZ0CP9E','NISSAN','LEAF',2014),(703,'5YJYGDEF2M','TESLA','MODEL Y',2021),(704,'JTMEB3FV4P','TOYOTA','RAV4 PRIME',2023),(705,'YV4BR0CL6L','VOLVO','XC90',2020),(706,'WBY1Z4C52F','BMW','I3',2015),(707,'7SAXCBE59N','TESLA','MODEL X',2022),(708,'7SAYGAEE9N','TESLA','MODEL Y',2022),(709,'1G1FZ6S06P','CHEVROLET','BOLT EUV',2023),(710,'7SAYGDEE0N','TESLA','MODEL Y',2022),(711,'JM3KKEHA8R','MAZDA','CX-90',2024),(712,'7SAYGDED1R','TESLA','MODEL Y',2024),(713,'5YJSA1E23M','TESLA','MODEL S',2021),(714,'1G1RD6S54G','CHEVROLET','VOLT',2016),(715,'KM8KRDDF6R','HYUNDAI','IONIQ 5',2024),(716,'5YJ3E1EA3K','TESLA','MODEL 3',2019),(717,'WBA33AG06P','BMW','530E',2023),(718,'5YJ3E1EB5N','TESLA','MODEL 3',2022),(719,'1N4AZ1CP8K','NISSAN','LEAF',2019),(720,'5YJSA1E22L','TESLA','MODEL S',2020),(721,'YV4H60PJ8S','VOLVO','XC90',2025),(722,'1N4AZ0CP2F','NISSAN','LEAF',2015),(723,'5YJ3E1EAXM','TESLA','MODEL 3',2021),(724,'WBY83FB00R','BMW','I4',2024),(725,'1FTVW1EV5P','FORD','F-150',2023),(726,'5YJ3E1EB9M','TESLA','MODEL 3',2021),(727,'1V2WNPE85P','VOLKSWAGEN','ID.4',2023),(728,'SAL1L9E44S','LAND ROVER','RANGE ROVER SPORT',2025),(729,'7FCTGAAA1N','RIVIAN','R1T',2022),(730,'3FMTK3SS9P','FORD','MUSTANG MACH-E',2023),(731,'1G1RC6S51J','CHEVROLET','VOLT',2018),(732,'1N4BZ1CV2N','NISSAN','LEAF',2022),(733,'1N4AZ0CP4G','NISSAN','LEAF',2016),(734,'JN1AZ0CP0C','NISSAN','LEAF',2012),(735,'JTMFB3FVXM','TOYOTA','RAV4 PRIME',2021),(736,'KNDCC3LG4N','KIA','NIRO',2022),(737,'5YJ3E1EB3N','TESLA','MODEL 3',2022),(738,'5YJ3E1EB1R','TESLA','MODEL 3',2024),(739,'1N4AZ0CP9G','NISSAN','LEAF',2016),(740,'3FMTK1SS8P','FORD','MUSTANG MACH-E',2023),(741,'5YJXCDE23M','TESLA','MODEL X',2021),(742,'WBY1Z4C57E','BMW','I3',2014),(743,'1G1FY6S06N','CHEVROLET','BOLT EUV',2022),(744,'7PDSGABL5P','RIVIAN','R1S',2023),(745,'1C4JJXN61P','JEEP','WRANGLER',2023),(746,'WA1VABGE6K','AUDI','E-TRON',2019),(747,'1N4AZ1CP8J','NISSAN','LEAF',2018),(748,'JA4J24A56J','MITSUBISHI','OUTLANDER',2018),(749,'7SAYGDEE1N','TESLA','MODEL Y',2022),(750,'1C4RJXN62R','JEEP','WRANGLER',2024),(751,'WBY8P4C51K','BMW','I3',2019),(752,'YV4ED3UR3M','VOLVO','XC40',2021),(753,'LPSED3KA6N','POLESTAR','PS2',2022),(754,'7SAYGDEE4R','TESLA','MODEL Y',2024),(755,'KM8JBDD26R','HYUNDAI','TUCSON',2024),(756,'5UXTS1C03M','BMW','X3',2021),(757,'7SAYGAEE3R','TESLA','MODEL Y',2024),(758,'5YJSA1H29E','TESLA','MODEL S',2014),(759,'5YJ3E1EA8L','TESLA','MODEL 3',2020),(760,'5UXTA6C01M','BMW','X5',2021),(761,'JTMEB3FV2N','TOYOTA','RAV4 PRIME',2022),(762,'3GN7DLRR6R','CHEVROLET','EQUINOX EV',2024),(763,'3FA6P0SU0L','FORD','FUSION',2020),(764,'7FCTGAAA8N','RIVIAN','R1T',2022),(765,'3C3CFFGE1G','FIAT','500',2016),(766,'WA1LAAGE7N','AUDI','E-TRON',2022),(767,'7SAYGDEE2N','TESLA','MODEL Y',2022),(768,'YV4ED3UB5N','VOLVO','XC40',2022),(769,'1G1FX6S05P','CHEVROLET','BOLT EV',2023),(770,'WA1AAAGE1M','AUDI','E-TRON',2021),(771,'WP0AB2Y10M','PORSCHE','TAYCAN',2021),(772,'JTDKN3DP6E','TOYOTA','PRIUS PLUG-IN',2014),(773,'5YJ3E1EA2P','TESLA','MODEL 3',2023),(774,'5YJSA1H19E','TESLA','MODEL S',2014),(775,'1C4RJYB63R','JEEP','GRAND CHEROKEE',2024),(776,'7SAYGDED9R','TESLA','MODEL Y',2024),(777,'5YJ3E1ETXR','TESLA','MODEL 3',2024),(778,'JN1DF0CD9P','NISSAN','ARIYA',2023),(779,'7SAXCDE57P','TESLA','MODEL X',2023),(780,'1G1FZ6S03P','CHEVROLET','BOLT EUV',2023),(781,'WBY1Z8C58H','BMW','I3',2017),(782,'WMW13DJ08N','MINI','HARDTOP',2022),(783,'1N4BZ1BV4N','NISSAN','LEAF',2022),(784,'5YJ3E1EB4R','TESLA','MODEL 3',2024),(785,'5YJ3E1EB7S','TESLA','MODEL 3',2025),(786,'3GN7DPRR5R','CHEVROLET','EQUINOX EV',2024),(787,'1FTBW1XK5N','FORD','TRANSIT',2022),(788,'5YJ3E1EAXR','TESLA','MODEL 3',2024),(789,'WVGUNPE23N','VOLKSWAGEN','ID.4',2022),(790,'WVGTMPE27M','VOLKSWAGEN','ID.4',2021),(791,'1N4AZ1CP9K','NISSAN','LEAF',2019),(792,'YV4ED3GL4P','VOLVO','C40',2023),(793,'5YJ3E1EC5P','TESLA','MODEL 3',2023),(794,'KNDC3DLCXN','KIA','EV6',2022),(795,'1GYKPMRK6R','CADILLAC','LYRIQ',2024),(796,'1G1RC6S54J','CHEVROLET','VOLT',2018),(797,'KNDCE3LG7L','KIA','NIRO',2020),(798,'1C4RJXU66R','JEEP','WRANGLER',2024),(799,'JTDKAMFP1N','TOYOTA','PRIUS PRIME',2022),(800,'50EA1TEA6R','LUCID','AIR',2024),(801,'1G1FX6S07P','CHEVROLET','BOLT EV',2023),(802,'5YJSA1AC8D','TESLA','MODEL S',2013),(803,'YV4ED3UM3P','VOLVO','XC40',2023),(804,'KMHM24AC4R','HYUNDAI','IONIQ 6',2024),(805,'7PDSGBBA1P','RIVIAN','R1S',2023),(806,'3FMTK3RM2M','FORD','MUSTANG MACH-E',2021),(807,'3GNKDBRJ5R','CHEVROLET','BLAZER EV',2024),(808,'5YJSA1E22H','TESLA','MODEL S',2017),(809,'KNDCC3LDXK','KIA','NIRO',2019),(810,'7SAYGAEE0P','TESLA','MODEL Y',2023),(811,'WVWKR7AU6K','VOLKSWAGEN','E-GOLF',2019),(812,'3GPKHZRJ3R','HONDA','PROLOGUE',2024),(813,'7SAXCDE56P','TESLA','MODEL X',2023),(814,'YV4BR0CL5M','VOLVO','XC90',2021),(815,'YV4BK0DP7L','VOLVO','XC60',2020),(816,'7FCTGAAA2P','RIVIAN','R1T',2023),(817,'1G1RC6S54H','CHEVROLET','VOLT',2017),(818,'1G1FY6S02P','CHEVROLET','BOLT EUV',2023),(819,'1G1FZ6S05N','CHEVROLET','BOLT EUV',2022),(820,'5YJSA1DG5D','TESLA','MODEL S',2013),(821,'5YJ3E1EA2R','TESLA','MODEL 3',2024),(822,'5YJ3E1EAXK','TESLA','MODEL 3',2019),(823,'YV4ED3GB2N','VOLVO','C40',2022),(824,'W1N9M0KB4P','MERCEDES-BENZ','EQB-CLASS',2023),(825,'YV4H60DM0R','VOLVO','XC60',2024),(826,'1G1RD6E41D','CHEVROLET','VOLT',2013),(827,'LPSED3KA8N','POLESTAR','PS2',2022),(828,'5UXTS1C04L','BMW','X3',2020),(829,'JTMFB3FV9N','TOYOTA','RAV4 PRIME',2022),(830,'5YJYGDEF0M','TESLA','MODEL Y',2021),(831,'5YJSA1S26F','TESLA','MODEL S',2015),(832,'1N4BZ0CP6H','NISSAN','LEAF',2017),(833,'5YJ3E1EA8M','TESLA','MODEL 3',2021),(834,'WBA33AG04M','BMW','530E',2021),(835,'JA4J24A54J','MITSUBISHI','OUTLANDER',2018),(836,'1N4BZ1BV1N','NISSAN','LEAF',2022),(837,'SADHD2S15K','JAGUAR','I-PACE',2019),(838,'7G2CEHED4R','TESLA','CYBERTRUCK',2024),(839,'1N4AZ0CP7G','NISSAN','LEAF',2016),(840,'YV4H60DL5R','VOLVO','XC60',2024),(841,'JN1AZ0CP1B','NISSAN','LEAF',2011),(842,'WBY1Z4C55F','BMW','I3',2015),(843,'1FTVW1EV0P','FORD','F-150',2023),(844,'KNDCD3LD3N','KIA','NIRO',2022),(845,'KMUKB4SA2R','GENESIS','GV60',2024),(846,'WA1ACBGEXN','AUDI','E-TRON',2022),(847,'WP0AA2Y17N','PORSCHE','TAYCAN',2022),(848,'3GPKHZRJ1R','HONDA','PROLOGUE',2024),(849,'3GPKHXRJ6R','HONDA','PROLOGUE',2024),(850,'KNDCR3L10R','KIA','NIRO',2024),(851,'JHMZC5F39J','HONDA','CLARITY',2018),(852,'JTMFB3FV4M','TOYOTA','RAV4 PRIME',2021),(853,'JTDKN3DP3D','TOYOTA','PRIUS PLUG-IN',2013),(854,'WVGGNPE29N','VOLKSWAGEN','ID.4',2022),(855,'5UXTA6C0XN','BMW','X5',2022),(856,'7SAYGDEF8P','TESLA','MODEL Y',2023),(857,'7FCTGAAA5P','RIVIAN','R1T',2023),(858,'WA1L2BFZ6P','AUDI','Q4',2023),(859,'WBY8P2C51K','BMW','I3',2019),(860,'1N4AZ1CV8N','NISSAN','LEAF',2022),(861,'5YJSA1AC1D','TESLA','MODEL S',2013),(862,'1N4AZ0CP4D','NISSAN','LEAF',2013),(863,'7SAXCBE52P','TESLA','MODEL X',2023),(864,'JN1DF0BB0R','NISSAN','ARIYA',2024),(865,'WBY43AW07R','BMW','I4',2024),(866,'7SAYGDEF4P','TESLA','MODEL Y',2023),(867,'7SAYGDEE6S','TESLA','MODEL Y',2025),(868,'3FA6P0SU8G','FORD','FUSION',2016),(869,'5YJSA1E14H','TESLA','MODEL S',2017),(870,'KL8CL6S04G','CHEVROLET','SPARK',2016),(871,'KM8KNDDF5R','HYUNDAI','IONIQ 5',2024),(872,'W1N9M0KB6P','MERCEDES-BENZ','EQB-CLASS',2023),(873,'ZASPATCW2R','ALFA ROMEO','TONALE',2024),(874,'7SAYGAEE7N','TESLA','MODEL Y',2022),(875,'7FCTGBAA1P','RIVIAN','R1T',2023),(876,'5YJSA1E5XN','TESLA','MODEL S',2022),(877,'1C4RJXP61R','JEEP','WRANGLER',2024),(878,'KM8KNDDF9R','HYUNDAI','IONIQ 5',2024),(879,'WVGTMPE2XM','VOLKSWAGEN','ID.4',2021),(880,'JTJCJMGA2R','LEXUS','RX',2024),(881,'YV4H60CE8R','VOLVO','XC90',2024),(882,'5YJYGAEE4M','TESLA','MODEL Y',2021),(883,'2C4RC1N79P','CHRYSLER','PACIFICA',2023),(884,'3FMTK1R48R','FORD','MUSTANG MACH-E',2024),(885,'JTJAAAAB8P','LEXUS','RZ',2023),(886,'WA1E2AFY4M','AUDI','Q5 E',2021),(887,'WVWPP7AU9G','VOLKSWAGEN','E-GOLF',2016),(888,'JA4J24A52K','MITSUBISHI','OUTLANDER',2019),(889,'7SAYGAEE4P','TESLA','MODEL Y',2023),(890,'WVWPR7AU0K','VOLKSWAGEN','E-GOLF',2019),(891,'5YJ3E1EA8J','TESLA','MODEL 3',2018),(892,'1N4AZ0CP7F','NISSAN','LEAF',2015),(893,'KL8CL6S02G','CHEVROLET','SPARK',2016),(894,'7SAXCBE54P','TESLA','MODEL X',2023),(895,'5YJ3E1EB0R','TESLA','MODEL 3',2024),(896,'WAUUPBFFXH','AUDI','A3',2017),(897,'YV4H60RM9S','VOLVO','XC60',2025),(898,'3FMTK3R46P','FORD','MUSTANG MACH-E',2023),(899,'VCF1ZBU29P','FISKER','OCEAN',2023),(900,'KM8KNDAF8P','HYUNDAI','IONIQ 5',2023),(901,'1G1FY6S02M','CHEVROLET','BOLT EV',2021),(902,'JN1BF0BAXR','NISSAN','ARIYA',2024),(903,'WBY43AW07P','BMW','I4',2023),(904,'7SAYGDEE6R','TESLA','MODEL Y',2024),(905,'KNDCE3LG6K','KIA','NIRO',2019),(906,'1N4CZ1CV4P','NISSAN','LEAF',2023),(907,'KM8KNDAF4P','HYUNDAI','IONIQ 5',2023),(908,'1G1RD6E43C','CHEVROLET','VOLT',2012),(909,'5YJSA1E2XH','TESLA','MODEL S',2017),(910,'YV4BR0DM5N','VOLVO','XC60',2022),(911,'1FMCU0EZ9N','FORD','ESCAPE',2022),(912,'JTDKARFP0L','TOYOTA','PRIUS PRIME',2020),(913,'JHMZC5F12J','HONDA','CLARITY',2018),(914,'SADHD2S16K','JAGUAR','I-PACE',2019),(915,'1N4BZ0CP2H','NISSAN','LEAF',2017),(916,'5YJSA1E67N','TESLA','MODEL S',2022),(917,'7SAYGDEF6P','TESLA','MODEL Y',2023),(918,'KNDCC3LGXK','KIA','NIRO',2019),(919,'WBY33FK01R','BMW','I5',2024),(920,'KNDCR3L11R','KIA','NIRO',2024),(921,'2C4RC1L73J','CHRYSLER','PACIFICA',2018),(922,'KNDPYDAH8P','KIA','SPORTAGE',2023),(923,'JTMABABA3R','SUBARU','SOLTERRA',2024),(924,'1G1FW6S0XL','CHEVROLET','BOLT EV',2020),(925,'WBY43AW08P','BMW','I4',2023),(926,'YV4BR0CL6K','VOLVO','XC90',2019),(927,'7SAYGAEEXN','TESLA','MODEL Y',2022),(928,'1C4RJYE60N','JEEP','GRAND CHEROKEE',2022),(929,'WP0AB2Y18M','PORSCHE','TAYCAN',2021),(930,'YV4BR0DL3M','VOLVO','XC60',2021),(931,'WAUEJBFW5N','AUDI','E-TRON GT',2022),(932,'LYVBR0DM6K','VOLVO','XC60',2019),(933,'1FTVW1EL8P','FORD','F-150',2023),(934,'1FADP5CU7G','FORD','C-MAX',2016),(935,'JTDKARFP1H','TOYOTA','PRIUS PRIME',2017),(936,'5YJYGDEF8M','TESLA','MODEL Y',2021),(937,'5YJ3E1ECXP','TESLA','MODEL 3',2023),(938,'JTMABACA5R','TOYOTA','BZ4X',2024),(939,'3FA6P0SU8J','FORD','FUSION',2018),(940,'5YJSA1CN1D','TESLA','MODEL S',2013),(941,'KNDC3DLC2P','KIA','EV6',2023),(942,'5YJ3E1EA0R','TESLA','MODEL 3',2024),(943,'KNDC3DLC8P','KIA','EV6',2023),(944,'5YJSA1E23F','TESLA','MODEL S',2015),(945,'JTDKARFP7H','TOYOTA','PRIUS PRIME',2017),(946,'JN1AZ0CP2B','NISSAN','LEAF',2011),(947,'WA1E2AFY1M','AUDI','Q5 E',2021),(948,'5YJYGDEE3L','TESLA','MODEL Y',2020),(949,'JM3KKDHA6R','MAZDA','CX-90',2024),(950,'1G1RA6E40D','CHEVROLET','VOLT',2013),(951,'WVGRMPE27M','VOLKSWAGEN','ID.4',2021),(952,'KM8KMDDF9R','HYUNDAI','IONIQ 5',2024),(953,'5YJ3E1EBXM','TESLA','MODEL 3',2021),(954,'5YJYGAEE2M','TESLA','MODEL Y',2021),(955,'YV4BR0CL6M','VOLVO','XC90',2021),(956,'5YJSA1CG2D','TESLA','MODEL S',2013),(957,'1G1RF6E46D','CHEVROLET','VOLT',2013),(958,'5YJ3E1EB7N','TESLA','MODEL 3',2022),(959,'KM8KRDAF1N','HYUNDAI','IONIQ 5',2022),(960,'1N4CZ1CV6R','NISSAN','LEAF',2024),(961,'7SAYGDED4R','TESLA','MODEL Y',2024),(962,'1G1FZ6S08L','CHEVROLET','BOLT EV',2020),(963,'5YJSA1E51N','TESLA','MODEL S',2022),(964,'1G1RD6S52G','CHEVROLET','VOLT',2016),(965,'WA13CBGE8N','AUDI','E-TRON SPORTBACK',2022),(966,'2C4RC1N74J','CHRYSLER','PACIFICA',2018),(967,'1N4BZ0CP1H','NISSAN','LEAF',2017),(968,'JTDKARFPXH','TOYOTA','PRIUS PRIME',2017),(969,'WBY8P2C00L','BMW','I3',2020),(970,'4JGDA6DB5H','MERCEDES-BENZ','GLE-CLASS',2017),(971,'1N4AZ1CP1J','NISSAN','LEAF',2018),(972,'WA1L2BFZXP','AUDI','Q4',2023),(973,'WB523CF09R','BMW','IX',2024),(974,'WAUUPBFF8G','AUDI','A3',2016),(975,'WBA8E1C30H','BMW','330E',2017),(976,'1N4AZ1BV2S','NISSAN','LEAF',2025),(977,'7SAYGDED5R','TESLA','MODEL Y',2024),(978,'1G1FZ6S09K','CHEVROLET','BOLT EV',2019),(979,'5YJXCAE27L','TESLA','MODEL X',2020),(980,'KM8HE3A65R','HYUNDAI','KONA ELECTRIC',2024),(981,'5UXTA6C09P','BMW','X5',2023),(982,'JM3KKBHA5R','MAZDA','CX-90',2024),(983,'KNDCC3LG8N','KIA','NIRO',2022),(984,'1G1FY6S02L','CHEVROLET','BOLT EV',2020),(985,'W1N9M0KB9P','MERCEDES-BENZ','EQB-CLASS',2023),(986,'5UXTA6C06P','BMW','X5',2023),(987,'1FADP5FU0H','FORD','C-MAX',2017),(988,'1FT6W1EV2N','FORD','F-150',2022),(989,'5YJXCDE24H','TESLA','MODEL X',2017),(990,'3FMTK3SU6P','FORD','MUSTANG MACH-E',2023),(991,'WA1E2AFY4N','AUDI','Q5',2022),(992,'WBY8P4C50K','BMW','I3',2019),(993,'JTMAB3FV8N','TOYOTA','RAV4 PRIME',2022),(994,'7SAYGAEE1R','TESLA','MODEL Y',2024),(995,'1FT6W5L75R','FORD','F-150',2024),(996,'5YJXCBE29H','TESLA','MODEL X',2017),(997,'KNDCC3LG2L','KIA','NIRO',2020),(998,'1G1FZ6S03N','CHEVROLET','BOLT EUV',2022),(999,'5YJ3E1EA4M','TESLA','MODEL 3',2021),(1000,'1N4BZ1CP9K','NISSAN','LEAF',2019),(1001,'7SAYGDEE2S','TESLA','MODEL Y',2025),(1002,'3FMTK3SU1P','FORD','MUSTANG MACH-E',2023),(1003,'KM8K23AGXP','HYUNDAI','KONA ELECTRIC',2023),(1004,'5UXTA6C09N','BMW','X5',2022),(1005,'5YJSA1E24J','TESLA','MODEL S',2018),(1006,'7PDSGABA9R','RIVIAN','R1S',2024),(1007,'5YJSA1E28H','TESLA','MODEL S',2017),(1008,'3FMTK1RM7P','FORD','MUSTANG MACH-E',2023),(1009,'5YJ3E1EA7M','TESLA','MODEL 3',2021),(1010,'5YJSA1DN7D','TESLA','MODEL S',2013),(1011,'5YJ3E1EB1P','TESLA','MODEL 3',2023),(1012,'WBY1Z4C51G','BMW','I3',2016),(1013,'3FMTK3SU6R','FORD','MUSTANG MACH-E',2024),(1014,'KNDCS3LF4P','KIA','NIRO',2023),(1015,'1G1FX6S07H','CHEVROLET','BOLT EV',2017),(1016,'WBAJB1C50K','BMW','530E',2019),(1017,'5YJ3E1EB0K','TESLA','MODEL 3',2019),(1018,'1N4AZ1CPXK','NISSAN','LEAF',2019),(1019,'7SAYGAEE9S','TESLA','MODEL Y',2025),(1020,'1G1FW6S08P','CHEVROLET','BOLT EV',2023),(1021,'WA1VABGEXM','AUDI','E-TRON',2021),(1022,'KNDC4DLC0P','KIA','EV6',2023),(1023,'JTJCJMGAXR','LEXUS','RX',2024),(1024,'5YJSA1E24M','TESLA','MODEL S',2021),(1025,'KMHC85LJ3M','HYUNDAI','IONIQ',2021),(1026,'3GN7DLRP1S','CHEVROLET','EQUINOX EV',2025),(1027,'5YJ3E1EB4K','TESLA','MODEL 3',2019),(1028,'1G1FZ6S07N','CHEVROLET','BOLT EUV',2022),(1029,'JTJKKCFZ8R','LEXUS','NX',2024),(1030,'1C4JJXP67M','JEEP','WRANGLER',2021),(1031,'JTDKN3DP2C','TOYOTA','PRIUS PLUG-IN',2012),(1032,'JTMAB3FV5M','TOYOTA','RAV4 PRIME',2021),(1033,'7PDSGABA7R','RIVIAN','R1S',2024),(1034,'KM8K53AG8M','HYUNDAI','KONA ELECTRIC',2021),(1035,'JTMABACA4R','TOYOTA','BZ4X',2024),(1036,'7SAYGAEE0N','TESLA','MODEL Y',2022),(1037,'5YJYGDEE6L','TESLA','MODEL Y',2020),(1038,'YV4ED3GM9P','VOLVO','C40',2023),(1039,'YV4ED3UM7P','VOLVO','XC40',2023),(1040,'JTMABACA3P','TOYOTA','BZ4X',2023),(1041,'JTMEB3FV8M','TOYOTA','RAV4 PRIME',2021),(1042,'JTMABABA8R','SUBARU','SOLTERRA',2024),(1043,'5YJ3E1EA0S','TESLA','MODEL 3',2025),(1044,'JTMAB3FVXP','TOYOTA','RAV4 PRIME',2023),(1045,'JTJHKCFZ0S','LEXUS','NX',2025),(1046,'7G2CEHEE4R','TESLA','CYBERTRUCK',2024),(1047,'KNDC3DLC2R','KIA','EV6',2024),(1048,'1C4JJXP63M','JEEP','WRANGLER',2021),(1049,'JF2GTDNCXK','SUBARU','CROSSTREK',2019),(1050,'WDDVP9AB4E','MERCEDES-BENZ','B-CLASS',2014),(1051,'7SAXCBE64P','TESLA','MODEL X',2023),(1052,'5YJ3E1EB5R','TESLA','MODEL 3',2024),(1053,'WAUTPBFF7H','AUDI','A3',2017),(1054,'KM8KMDDF4R','HYUNDAI','IONIQ 5',2024),(1055,'5YJ3E1EA4N','TESLA','MODEL 3',2022),(1056,'1G1RD6E42E','CHEVROLET','VOLT',2014),(1057,'1N4AZ1CP0J','NISSAN','LEAF',2018),(1058,'7SAYGAEE7P','TESLA','MODEL Y',2023),(1059,'1C4JJXP69N','JEEP','WRANGLER',2022),(1060,'WMZ23BS01P','MINI','COUNTRYMAN',2023),(1061,'7PDSGABL1N','RIVIAN','R1S',2022),(1062,'5UXTS1C01M','BMW','X3',2021),(1063,'1G1FZ6S00K','CHEVROLET','BOLT EV',2019),(1064,'WA15AAGE1R','AUDI','Q8',2024),(1065,'5YJXCBE22G','TESLA','MODEL X',2016),(1066,'5YJ3E1EB8M','TESLA','MODEL 3',2021),(1067,'7FCTGAAL6N','RIVIAN','R1T',2022),(1068,'1N4AZ0CP2D','NISSAN','LEAF',2013),(1069,'1G1RA6E47D','CHEVROLET','VOLT',2013),(1070,'JTMEB3FVXR','TOYOTA','RAV4 PRIME',2024),(1071,'5YJ3E1EC5M','TESLA','MODEL 3',2021),(1072,'7SAYGDED2S','TESLA','MODEL Y',2025),(1073,'LYVBR0DK4J','VOLVO','XC60',2018),(1074,'7SAXCAE5XN','TESLA','MODEL X',2022),(1075,'JN1BF0BA1R','NISSAN','ARIYA',2024),(1076,'YV4ED3UR1M','VOLVO','XC40',2021),(1077,'WBY83FB02R','BMW','I4',2024),(1078,'KNDCR3L12R','KIA','NIRO',2024),(1079,'1FTBW1YK1P','FORD','TRANSIT',2023),(1080,'7PDSGBBA2S','RIVIAN','R1S',2025),(1081,'1G1FY6S02N','CHEVROLET','BOLT EUV',2022),(1082,'1G1RC6S52H','CHEVROLET','VOLT',2017),(1083,'1FMCU0LZ8N','FORD','ESCAPE',2022),(1084,'2C4RC1H79J','CHRYSLER','PACIFICA',2018),(1085,'YV4H60PF2S','VOLVO','XC90',2025),(1086,'JTDKARFP8K','TOYOTA','PRIUS PRIME',2019),(1087,'WVGUNPE28M','VOLKSWAGEN','ID.4',2021),(1088,'KMUKEDSB1S','GENESIS','GV60',2025),(1089,'5YJ3E1ET7R','TESLA','MODEL 3',2024),(1090,'7SAYGDEF8N','TESLA','MODEL Y',2022),(1091,'3FMTK3S54P','FORD','MUSTANG MACH-E',2023),(1092,'KNDPZDDH7S','KIA','SPORTAGE',2025),(1093,'5YJ3E1EB0N','TESLA','MODEL 3',2022),(1094,'5YJ3E1EA7R','TESLA','MODEL 3',2024),(1095,'JTMEB3FV4N','TOYOTA','RAV4 PRIME',2022),(1096,'1G1RB6E41D','CHEVROLET','VOLT',2013),(1097,'5YJ3E1ET5R','TESLA','MODEL 3',2024),(1098,'KNDCR3LF7R','KIA','NIRO',2024),(1099,'5YJ3E1EC6N','TESLA','MODEL 3',2022),(1100,'1G1FZ6S08M','CHEVROLET','BOLT EV',2021),(1101,'1G1RC6E48F','CHEVROLET','VOLT',2015),(1102,'1V2JNPE82P','VOLKSWAGEN','ID.4',2023),(1103,'1N4BZ0CP0G','NISSAN','LEAF',2016),(1104,'JTMFB3FV8P','TOYOTA','RAV4 PRIME',2023),(1105,'KNDC3DLC1N','KIA','EV6',2022),(1106,'WBY73AW00N','BMW','I4',2022),(1107,'4JGDM2EB7R','MERCEDES-BENZ','EQS-CLASS SUV',2024),(1108,'1G1RB6S59G','CHEVROLET','VOLT',2016),(1109,'7SAXCDE50P','TESLA','MODEL X',2023),(1110,'KNDC34LA3R','KIA','EV6',2024),(1111,'7SAYGAEE3S','TESLA','MODEL Y',2025),(1112,'1C4JJXP6XN','JEEP','WRANGLER',2022),(1113,'JTDKARFP5J','TOYOTA','PRIUS PRIME',2018),(1114,'2C4RC1S74M','CHRYSLER','PACIFICA',2021),(1115,'7PDSGBBA0S','RIVIAN','R1S',2025),(1116,'5YJSA1E62P','TESLA','MODEL S',2023),(1117,'4JGGM2CB7P','MERCEDES-BENZ','EQE-CLASS SUV',2023),(1118,'5YJ3E1EA1P','TESLA','MODEL 3',2023),(1119,'1C4JJXR6XM','JEEP','WRANGLER',2021),(1120,'7SAYGAEE7R','TESLA','MODEL Y',2024),(1121,'5YJSA1E27J','TESLA','MODEL S',2018),(1122,'7SAXCBE56P','TESLA','MODEL X',2023),(1123,'5LMYJ8XY5M','LINCOLN','AVIATOR',2021),(1124,'1G1FY6S04L','CHEVROLET','BOLT EV',2020),(1125,'5YJ3E1ET4R','TESLA','MODEL 3',2024),(1126,'JHMZC5F10J','HONDA','CLARITY',2018),(1127,'1FADP5FU8H','FORD','C-MAX',2017),(1128,'7SAXCAE50P','TESLA','MODEL X',2023),(1129,'7PDSGABA1P','RIVIAN','R1S',2023),(1130,'1FTVW1EL9P','FORD','F-150',2023),(1131,'WA14AAGE0R','AUDI','Q8',2024),(1132,'5YJYGDEE6M','TESLA','MODEL Y',2021),(1133,'1G1FZ6S04P','CHEVROLET','BOLT EUV',2023),(1134,'7SAYGDEF2R','TESLA','MODEL Y',2024),(1135,'1G1RA6S57H','CHEVROLET','VOLT',2017),(1136,'WA1VAAGE9M','AUDI','E-TRON',2021),(1137,'1N4AZ1BV1P','NISSAN','LEAF',2023),(1138,'WA1LAAGE3K','AUDI','E-TRON',2019),(1139,'1FMCU0LZ4N','FORD','ESCAPE',2022),(1140,'5YJ3E1EC8L','TESLA','MODEL 3',2020),(1141,'1N4AZ1CP8L','NISSAN','LEAF',2020),(1142,'5UXTA6C06N','BMW','X5',2022),(1143,'YV4ED3UM6P','VOLVO','XC40',2023),(1144,'KNDCC3LG6K','KIA','NIRO',2019),(1145,'7SAXCDE55R','TESLA','MODEL X',2024),(1146,'1G1FY6S07L','CHEVROLET','BOLT EV',2020),(1147,'5YJ3E1EA0K','TESLA','MODEL 3',2019),(1148,'JHMCR5F78E','HONDA','ACCORD',2014),(1149,'5YJ3E1EC4P','TESLA','MODEL 3',2023),(1150,'3C3CFFGE5G','FIAT','500',2016),(1151,'1N4BZ1BV0N','NISSAN','LEAF',2022),(1152,'3FMTK4SX5P','FORD','MUSTANG MACH-E',2023),(1153,'1GYKPSRK6R','CADILLAC','LYRIQ',2024),(1154,'W1N9M0CB8P','MERCEDES-BENZ','EQB-CLASS',2023),(1155,'1GYKPWRL4S','CADILLAC','LYRIQ',2025),(1156,'WBA33AG01M','BMW','530E',2021),(1157,'1N4BZ1CV4N','NISSAN','LEAF',2022),(1158,'5YJ3E1EB6M','TESLA','MODEL 3',2021),(1159,'WB523CF03S','BMW','IX',2025),(1160,'1G1RD6E46B','CHEVROLET','VOLT',2011),(1161,'KNDAFFS58R','KIA','EV9',2024),(1162,'KMHM54AC1P','HYUNDAI','IONIQ 6',2023),(1163,'7SAYGDEDXR','TESLA','MODEL Y',2024),(1164,'WA1LAAGE6N','AUDI','E-TRON',2022),(1165,'5YJSA1H16E','TESLA','MODEL S',2014),(1166,'5YJSA1E13G','TESLA','MODEL S',2016),(1167,'1C4RJXN69R','JEEP','WRANGLER',2024),(1168,'JTMAB3FV2P','TOYOTA','RAV4 PRIME',2023),(1169,'1N4AZ0CP7E','NISSAN','LEAF',2014),(1170,'JTDACACU2P','TOYOTA','PRIUS PRIME',2023),(1171,'WP0AA2Y11R','PORSCHE','TAYCAN',2024),(1172,'WVGUNPE2XN','VOLKSWAGEN','ID.4',2022),(1173,'YV4ED3UR8N','VOLVO','XC40',2022),(1174,'1V2WNPE89P','VOLKSWAGEN','ID.4',2023),(1175,'WMZYU7C53K','MINI','COUNTRYMAN',2019),(1176,'5YJ3E1EC1P','TESLA','MODEL 3',2023),(1177,'5YJSA1E6XM','TESLA','MODEL S',2021),(1178,'YV4ED3UM9P','VOLVO','XC40',2023),(1179,'7FCTGBAAXP','RIVIAN','R1T',2023),(1180,'KNDJP3AE9G','KIA','SOUL',2016),(1181,'YV4ER3XL8R','VOLVO','XC40',2024),(1182,'YV4ED3GM2P','VOLVO','C40',2023),(1183,'5YJXCBE20L','TESLA','MODEL X',2020),(1184,'KMHM54AC9R','HYUNDAI','IONIQ 6',2024),(1185,'KM8KNDAFXP','HYUNDAI','IONIQ 5',2023),(1186,'7SAXCBE62P','TESLA','MODEL X',2023),(1187,'KNDCC3LG0N','KIA','NIRO',2022),(1188,'JTMABABA1R','SUBARU','SOLTERRA',2024),(1189,'YV4BR0DM4J','VOLVO','XC60',2018),(1190,'5YJXCDE28H','TESLA','MODEL X',2017),(1191,'1G1FW6S09P','CHEVROLET','BOLT EV',2023),(1192,'5YJSA1E65N','TESLA','MODEL S',2022),(1193,'KM8KNDAF7P','HYUNDAI','IONIQ 5',2023),(1194,'WMZ23BS04N','MINI','COUNTRYMAN',2022),(1195,'3GPKHXRJ4R','HONDA','PROLOGUE',2024),(1196,'2C4RC1L72P','CHRYSLER','PACIFICA',2023),(1197,'YV4H60CE2R','VOLVO','XC90',2024),(1198,'KM8K23AG9P','HYUNDAI','KONA ELECTRIC',2023),(1199,'JTDKAMFP2N','TOYOTA','PRIUS PRIME',2022),(1200,'3FMTK3SU5M','FORD','MUSTANG MACH-E',2021),(1201,'7SAYGAEE4R','TESLA','MODEL Y',2024),(1202,'5YJSA1E59R','TESLA','MODEL S',2024),(1203,'5YJ3E1EA6N','TESLA','MODEL 3',2022),(1204,'WVGKMPE25N','VOLKSWAGEN','ID.4',2022),(1205,'1FT6W5L72R','FORD','F-150',2024),(1206,'5YJSA1E66N','TESLA','MODEL S',2022),(1207,'1G1FY6S03K','CHEVROLET','BOLT EV',2019),(1208,'JTDKARFP7J','TOYOTA','PRIUS PRIME',2018),(1209,'WBY1Z2C54F','BMW','I3',2015),(1210,'5YJ3E1EA7P','TESLA','MODEL 3',2023),(1211,'YV4BR0CL3M','VOLVO','XC90',2021),(1212,'KM8KNDDF6R','HYUNDAI','IONIQ 5',2024),(1213,'KNDC3DLC4P','KIA','EV6',2023),(1214,'7SAXCDE54P','TESLA','MODEL X',2023),(1215,'7SAYGAEE8R','TESLA','MODEL Y',2024),(1216,'7SAYGDEF9N','TESLA','MODEL Y',2022),(1217,'1G1FZ6S08P','CHEVROLET','BOLT EUV',2023),(1218,'1GYKPPRK3R','CADILLAC','LYRIQ',2024),(1219,'5YJSA1E22J','TESLA','MODEL S',2018),(1220,'YV4BR0CLXN','VOLVO','XC90',2022),(1221,'1FT6W1EV8P','FORD','F-150',2023),(1222,'1G1RB6S53J','CHEVROLET','VOLT',2018),(1223,'1V2JNPE83P','VOLKSWAGEN','ID.4',2023),(1224,'5YJSA1E27M','TESLA','MODEL S',2021),(1225,'1G1FZ6S0XK','CHEVROLET','BOLT EV',2019),(1226,'5YJYGAEE3M','TESLA','MODEL Y',2021),(1227,'1V2GNPE89P','VOLKSWAGEN','ID.4',2023),(1228,'WBY53EJ09P','BMW','I7',2023),(1229,'5YJ3E1EA0M','TESLA','MODEL 3',2021),(1230,'1N4AZ1CP0L','NISSAN','LEAF',2020),(1231,'WBY43AW05P','BMW','I4',2023),(1232,'1N4AZ0CP5F','NISSAN','LEAF',2015),(1233,'2C4RC1L71N','CHRYSLER','PACIFICA',2022),(1234,'7SAYGDEE5S','TESLA','MODEL Y',2025),(1235,'5YJYGDEF4L','TESLA','MODEL Y',2020),(1236,'5YJYGDEE1L','TESLA','MODEL Y',2020),(1237,'1FTBW3XK9N','FORD','TRANSIT',2022),(1238,'1N4AZ1CP4L','NISSAN','LEAF',2020),(1239,'JN1DF0CD3P','NISSAN','ARIYA',2023),(1240,'KM8K23AG3P','HYUNDAI','KONA ELECTRIC',2023),(1241,'5UX43EU03R','BMW','X5',2024),(1242,'WMW13DJ08R','MINI','HARDTOP',2024),(1243,'5YJSA1H1XE','TESLA','MODEL S',2014),(1244,'KNDCM3LD2K','KIA','NIRO',2019),(1245,'5YJYGDEF5M','TESLA','MODEL Y',2021),(1246,'WBY73AW06R','BMW','I4',2024),(1247,'5YJ3E1EC9N','TESLA','MODEL 3',2022),(1248,'3FA6P0SU2H','FORD','FUSION',2017),(1249,'ZACPDFCW4R','DODGE','HORNET',2024),(1250,'4JGGM1CB5P','MERCEDES-BENZ','EQE-CLASS SUV',2023),(1251,'3GN7DRRP3R','CHEVROLET','EQUINOX EV',2024),(1252,'3GNKDCRJ7R','CHEVROLET','BLAZER EV',2024),(1253,'JTDKAMFP3N','TOYOTA','PRIUS PRIME',2022),(1254,'5YJSA1CG8D','TESLA','MODEL S',2013),(1255,'KM8KNDAF3P','HYUNDAI','IONIQ 5',2023),(1256,'7PDSGABA6P','RIVIAN','R1S',2023),(1257,'5YJSA1E26J','TESLA','MODEL S',2018),(1258,'JTDKARFP3J','TOYOTA','PRIUS PRIME',2018),(1259,'KNDC34LA5R','KIA','EV6',2024),(1260,'7SAYGAEE1S','TESLA','MODEL Y',2025),(1261,'7SAYGDED9P','TESLA','MODEL Y',2023),(1262,'1GYKPRRL1R','CADILLAC','LYRIQ',2024),(1263,'1FTBW3XK4P','FORD','TRANSIT',2023),(1264,'7SAYGAEE3N','TESLA','MODEL Y',2022),(1265,'1G1FZ6S07L','CHEVROLET','BOLT EV',2020),(1266,'WVWKP7AU6G','VOLKSWAGEN','E-GOLF',2016),(1267,'WA1LAAGEXK','AUDI','E-TRON',2019),(1268,'YV4ED3UA7N','VOLVO','XC40',2022),(1269,'1N4AZ0CP6G','NISSAN','LEAF',2016),(1270,'1G1FX6S03P','CHEVROLET','BOLT EV',2023),(1271,'7FCTGBAA0P','RIVIAN','R1T',2023),(1272,'1N4AZ1CV2M','NISSAN','LEAF',2021),(1273,'WVGGNPE2XN','VOLKSWAGEN','ID.4',2022),(1274,'7SAYGDEFXN','TESLA','MODEL Y',2022),(1275,'1G1FW6S03J','CHEVROLET','BOLT EV',2018),(1276,'5YJ3E1EC8P','TESLA','MODEL 3',2023),(1277,'50EA1PGA2R','LUCID','AIR',2024),(1278,'1FT6W1EVXP','FORD','F-150',2023),(1279,'5YJSA1S24F','TESLA','MODEL S',2015),(1280,'5YJ3E1EB5M','TESLA','MODEL 3',2021),(1281,'5YJSA1E50M','TESLA','MODEL S',2021),(1282,'7PDSGBBA8P','RIVIAN','R1S',2023),(1283,'5YJXCDE22H','TESLA','MODEL X',2017),(1284,'1C4JJXN6XP','JEEP','WRANGLER',2023),(1285,'1C4JJXR64P','JEEP','WRANGLER',2023),(1286,'WP0CD2Y11N','PORSCHE','TAYCAN',2022),(1287,'1G1FZ6S09P','CHEVROLET','BOLT EUV',2023),(1288,'5YJSA1E41L','TESLA','MODEL S',2020),(1289,'KNDCR3LF3P','KIA','NIRO',2023),(1290,'JN1DF0CD8P','NISSAN','ARIYA',2023),(1291,'1GYKPVRL4R','CADILLAC','LYRIQ',2024),(1292,'5YJXCBE23K','TESLA','MODEL X',2019),(1293,'1G1FY6S0XP','CHEVROLET','BOLT EUV',2023),(1294,'JTDACACU5R','TOYOTA','PRIUS PRIME',2024),(1295,'3FMTK3SU7N','FORD','MUSTANG MACH-E',2022),(1296,'1V2WNPE87P','VOLKSWAGEN','ID.4',2023),(1297,'3FMTK3SU5R','FORD','MUSTANG MACH-E',2024),(1298,'KM8K23AG5L','HYUNDAI','KONA',2020),(1299,'WAUUPBFF7G','AUDI','A3',2016),(1300,'5YJYGDEF3M','TESLA','MODEL Y',2021),(1301,'JN1DF0BB6P','NISSAN','ARIYA',2023),(1302,'JM3KKEHA4R','MAZDA','CX-90',2024),(1303,'5YJYGDEE5M','TESLA','MODEL Y',2021),(1304,'2C4RC1L76N','CHRYSLER','PACIFICA',2022),(1305,'JN1AZ0CP9B','NISSAN','LEAF',2011),(1306,'YV4EH3HM7R','VOLVO','XC40',2024),(1307,'1G1FZ6S06N','CHEVROLET','BOLT EUV',2022),(1308,'3GNKDCRJ2R','CHEVROLET','BLAZER EV',2024),(1309,'5YJ3E1EB9N','TESLA','MODEL 3',2022),(1310,'WBY1Z2C56E','BMW','I3',2014),(1311,'KNDRJDLH4N','KIA','SORENTO',2022),(1312,'1N4AZ0CP0D','NISSAN','LEAF',2013),(1313,'3FMTK2SUXP','FORD','MUSTANG MACH-E',2023),(1314,'7SAYGDED7P','TESLA','MODEL Y',2023),(1315,'YV4ER3XM1R','VOLVO','XC40',2024),(1316,'JTJAAAAB9R','LEXUS','RZ',2024),(1317,'KNDADFS53R','KIA','EV9',2024),(1318,'3FMTK4SX3N','FORD','MUSTANG MACH-E',2022),(1319,'WVWPR7AU6K','VOLKSWAGEN','E-GOLF',2019),(1320,'JM3KKEHA6S','MAZDA','CX-90',2025),(1321,'WP0AB2Y11M','PORSCHE','TAYCAN',2021),(1322,'JN1CF0BB3R','NISSAN','ARIYA',2024),(1323,'5YJ3E1EAXN','TESLA','MODEL 3',2022),(1324,'7PDSGBBA2P','RIVIAN','R1S',2023),(1325,'JA4J24A58K','MITSUBISHI','OUTLANDER',2019),(1326,'7PDSGBBA2R','RIVIAN','R1S',2024),(1327,'WA1L2BFZ9P','AUDI','Q4',2023),(1328,'2C4RC1S75N','CHRYSLER','PACIFICA',2022),(1329,'JTDACACU9R','TOYOTA','PRIUS PRIME',2024),(1330,'1FADP5CU0G','FORD','C-MAX',2016),(1331,'JTDKARFP5H','TOYOTA','PRIUS PRIME',2017),(1332,'5YJRE1A32A','TESLA','ROADSTER',2010),(1333,'JN1AF0BA3R','NISSAN','ARIYA',2024),(1334,'1N4BZ1BV0M','NISSAN','LEAF',2021),(1335,'3FMTK3SU2N','FORD','MUSTANG MACH-E',2022),(1336,'W1N9M0CB4P','MERCEDES-BENZ','EQB-CLASS',2023),(1337,'1FT6W1B79R','FORD','F-150',2024),(1338,'KNDCE3LGXL','KIA','NIRO',2020),(1339,'5YJXCAE24L','TESLA','MODEL X',2020),(1340,'1N4AZ0CP8G','NISSAN','LEAF',2016),(1341,'7SAXCDE51R','TESLA','MODEL X',2024),(1342,'1C4JJXR68N','JEEP','WRANGLER',2022),(1343,'KNDRMDLH1P','KIA','SORENTO',2023),(1344,'7SAYGDEF7P','TESLA','MODEL Y',2023),(1345,'3GN7DPRR6R','CHEVROLET','EQUINOX EV',2024),(1346,'7SAYGDED7R','TESLA','MODEL Y',2024),(1347,'7SAYGDEE9S','TESLA','MODEL Y',2025),(1348,'JTDKAMFP8M','TOYOTA','PRIUS PRIME',2021),(1349,'3FA6P0PU8G','FORD','FUSION',2016),(1350,'JTJAAAABXR','LEXUS','RZ',2024),(1351,'1G1RB6S57H','CHEVROLET','VOLT',2017),(1352,'WBY7Z4C50J','BMW','I3',2018),(1353,'5UX43EU04S','BMW','X5',2025),(1354,'1G1FW6S00H','CHEVROLET','BOLT EV',2017),(1355,'1G1FY6S04M','CHEVROLET','BOLT EV',2021),(1356,'WA15AAGE4R','AUDI','Q8',2024),(1357,'YV4H60JF6S','VOLVO','XC90',2025),(1358,'JHMZC5F13J','HONDA','CLARITY',2018),(1359,'JM3KKEHA4S','MAZDA','CX-90',2025),(1360,'1N4AZ0CP8E','NISSAN','LEAF',2014),(1361,'5YJ3E1EB9P','TESLA','MODEL 3',2023),(1362,'KM8KRDDF7R','HYUNDAI','IONIQ 5',2024),(1363,'1FADP5CU6F','FORD','C-MAX',2015),(1364,'7SAYGAEE9R','TESLA','MODEL Y',2024),(1365,'5YJYGAEE1M','TESLA','MODEL Y',2021),(1366,'JTMABABA0P','SUBARU','SOLTERRA',2023),(1367,'5YJ3E1EB6R','TESLA','MODEL 3',2024),(1368,'7SAXCAE56P','TESLA','MODEL X',2023),(1369,'5YJSA1E52P','TESLA','MODEL S',2023),(1370,'WB523CF04P','BMW','IX',2023),(1371,'JTMFB3FV9R','TOYOTA','RAV4 PRIME',2024),(1372,'1GYKPPRL4R','CADILLAC','LYRIQ',2024),(1373,'7SAXCDE59R','TESLA','MODEL X',2024),(1374,'WDDVP9AB7G','MERCEDES-BENZ','B-CLASS',2016),(1375,'KM8KNDAF6P','HYUNDAI','IONIQ 5',2023),(1376,'WA12AAGE3N','AUDI','E-TRON SPORTBACK',2022),(1377,'5YJXCBE24J','TESLA','MODEL X',2018),(1378,'1G1FX6S01H','CHEVROLET','BOLT EV',2017),(1379,'1G1FZ6S06K','CHEVROLET','BOLT EV',2019),(1380,'YSMFD3KAXR','POLESTAR','PS2',2024),(1381,'JTMABABA4P','SUBARU','SOLTERRA',2023),(1382,'WVWKP7AU4F','VOLKSWAGEN','E-GOLF',2015),(1383,'KM8KN4AE1N','HYUNDAI','IONIQ 5',2022),(1384,'7SAYGAEEXP','TESLA','MODEL Y',2023),(1385,'7PDSGBBA9P','RIVIAN','R1S',2023),(1386,'1G1RB6S57J','CHEVROLET','VOLT',2018),(1387,'WBY43AW09R','BMW','I4',2024),(1388,'KM8K23AG9L','HYUNDAI','KONA',2020),(1389,'1C4JJXP6XP','JEEP','WRANGLER',2023),(1390,'3MW39FS06R','BMW','330E',2024),(1391,'7SAYGDED2R','TESLA','MODEL Y',2024),(1392,'7FCTGBAA9P','RIVIAN','R1T',2023);
/*!40000 ALTER TABLE `vehicles` ENABLE KEYS */;
UNLOCK TABLES;
/*!40103 SET TIME_ZONE=@OLD_TIME_ZONE */;

/*!40101 SET SQL_MODE=@OLD_SQL_MODE */;
/*!40014 SET FOREIGN_KEY_CHECKS=@OLD_FOREIGN_KEY_CHECKS */;
/*!40014 SET UNIQUE_CHECKS=@OLD_UNIQUE_CHECKS */;
/*!40101 SET CHARACTER_SET_CLIENT=@OLD_CHARACTER_SET_CLIENT */;
/*!40101 SET CHARACTER_SET_RESULTS=@OLD_CHARACTER_SET_RESULTS */;
/*!40101 SET COLLATION_CONNECTION=@OLD_COLLATION_CONNECTION */;
/*!40111 SET SQL_NOTES=@OLD_SQL_NOTES */;

-- Dump completed on 2025-02-06 15:36:10
